{
  "type": "FeatureCollection",
  "columns": {
    "ADM0_CODE": "Integer",
    "ADM0_NAME": "String",
    "ADM1_CODE": "Integer",
    "ADM1_NAME": "String",
    "DISP_AREA": "String",
    "EXP1_YEAR": "Integer",
    "STATUS": "String",
    "STR1_YEAR": "Integer",
    "Shape_Area": "Float",
    "Shape_Leng": "Float",
    "system:index": "String"
  },
  "version": 1701682593235039,
  "id": "FAO/GAUL/2015/level1",
  "properties": {
    "system:asset_size": 187606160
  },
  "features": [
    {
      "type": "Feature",
      "geometry": {
        "type": "Polygon",
        "coordinates": [
          [
            [
              26.80027197699738,
              40.73128848715082
            ],
            [
              26.800615309208922,
              40.73334858319293
            ],
            [
              26.801261876289455,
              40.73575199712376
            ],
            [
              26.801779164538516,
              40.73917217395444
            ],
            [
              26.801230680730303,
              40.741820878483736
            ],
            [
              26.800972036110295,
              40.74400137589475
            ],
            [
              26.800713391184576,
              40.74606150914023
            ],
            [
              26.801079108007805,
              40.74926758086532
            ],
            [
              26.801734573872128,
              40.75200989552422
            ],
            [
              26.80284043769628,
              40.75474333303557
            ],
            [
              26.80288502813725,
              40.75703979352369
            ],
            [
              26.802925123566347,
              40.75921580289815
            ],
            [
              26.802974208991948,
              40.76161928061718
            ],
            [
              26.803014304404687,
              40.763683857272895
            ],
            [
              26.802158184835843,
              40.765980256447484
            ],
            [
              26.801007726748622,
              40.768740472227115
            ],
            [
              26.799705688939035,
              40.77150507778123
            ],
            [
              26.798394653192265,
              40.77358306450625
            ],
            [
              26.796789448559338,
              40.77612025732025
            ],
            [
              26.793966849058137,
              40.77809567381816
            ],
            [
              26.789659338947754,
              40.7810029636586
            ],
            [
              26.787429761063468,
              40.782403155066056
            ],
            [
              26.783733137720017,
              40.78587681658483
            ],
            [
              26.780330905365023,
              40.788659218675996
            ],
            [
              26.778248505658844,
              40.79005497361469
            ],
            [
              26.77498887799201,
              40.792721501531
            ],
            [
              26.772170763528084,
              40.79492426118318
            ],
            [
              26.76904492769235,
              40.796792676846295
            ],
            [
              26.766364936569506,
              40.79830875921495
            ],
            [
              26.763992695522557,
              40.80015928097048
            ],
            [
              26.762383013420425,
              40.802469102801055
            ],
            [
              26.76016233057881,
              40.80444003987893
            ],
            [
              26.757491403153455,
              40.806526860326564
            ],
            [
              26.75466874874708,
              40.80850225693766
            ],
            [
              26.751244126595704,
              40.810486541979486
            ],
            [
              26.74887190282437,
              40.81234158430847
            ],
            [
              26.74531356439418,
              40.81523994491916
            ],
            [
              26.743543321179764,
              40.817322388625044
            ],
            [
              26.741625856452305,
              40.8194003425244
            ],
            [
              26.739115403035132,
              40.82194643258333
            ],
            [
              26.7364578002998,
              40.82472449816883
            ],
            [
              26.733193688516334,
              40.827498026015405
            ],
            [
              26.731124693196467,
              40.82958044225568
            ],
            [
              26.72831546180837,
              40.83213106761096
            ],
            [
              26.72639354862512,
              40.83421346139872
            ],
            [
              26.72492208805452,
              40.83617100126021
            ],
            [
              26.723307894845735,
              40.838248901034106
            ],
            [
              26.72215297822635,
              40.841009114624704
            ],
            [
              26.721296814390634,
              40.843537445896835
            ],
            [
              26.72045404737648,
              40.846868387033986
            ],
            [
              26.720048266195278,
              40.849392247179516
            ],
            [
              26.719642484273265,
              40.85191607996604
            ],
            [
              26.71953546276524,
              40.8542080689116
            ],
            [
              26.719580070055517,
              40.85661149063736
            ],
            [
              26.71977180935454,
              40.85889900239689
            ],
            [
              26.71996804518257,
              40.86141840229753
            ],
            [
              26.72046295081165,
              40.86371036746244
            ],
            [
              26.721127379896004,
              40.86702348064411
            ],
            [
              26.721774000229548,
              40.86942248161698
            ],
            [
              26.723031442060464,
              40.8721603766153
            ],
            [
              26.724462805460348,
              40.8760397803889
            ],
            [
              26.726781511852025,
              40.87945101132186
            ],
            [
              26.728948661603635,
              40.88241188862459
            ],
            [
              26.730339878212682,
              40.88423114833699
            ],
            [
              26.732805736502765,
              40.88730351052527
            ],
            [
              26.734816802594224,
              40.88991651342968
            ],
            [
              26.732698721340164,
              40.89760851889791
            ],
            [
              26.734402144795347,
              40.900230452387596
            ],
            [
              26.736261579052517,
              40.90273196691799
            ],
            [
              26.73765283969836,
              40.90454685642015
            ],
            [
              26.73874086040511,
              40.90648655246808
            ],
            [
              26.74014991076795,
              40.90910849244746
            ],
            [
              26.741251318069168,
              40.9113826233811
            ],
            [
              26.742508739381517,
              40.914352403779056
            ],
            [
              26.74466701271355,
              40.9170858163693
            ],
            [
              26.74637484025991,
              40.91946695406747
            ],
            [
              26.748546384365408,
              40.9225393362534
            ],
            [
              26.750713500988578,
              40.925500179960935
            ],
            [
              26.753050096487712,
              40.92959804880048
            ],
            [
              26.755364367226825,
              40.93232706757564
            ],
            [
              26.756911696852548,
              40.93437377670737
            ],
            [
              26.758632917468073,
              40.93767347045023
            ],
            [
              26.759600524937287,
              40.94087065724902
            ],
            [
              26.761036327547437,
              40.9450979217246
            ],
            [
              26.762173417595164,
              40.94920918394355
            ],
            [
              26.763462100570425,
              40.95366385095692
            ],
            [
              26.764567977336895,
              40.956174305155855
            ],
            [
              26.766449726427872,
              40.95993332255608
            ],
            [
              26.76802377273868,
              40.96324196740697
            ],
            [
              26.76837156118635,
              40.965756907217504
            ],
            [
              26.768755044967712,
              40.969993086636755
            ],
            [
              26.769120725128435,
              40.97330617452935
            ],
            [
              26.769776196529815,
              40.97604855317376
            ],
            [
              26.770734853657327,
              40.978679432234415
            ],
            [
              26.77153750774995,
              40.98130131804374
            ],
            [
              26.771733697651996,
              40.983593322773224
            ],
            [
              26.771055933628283,
              40.98749057994975
            ],
            [
              26.770338066140514,
              40.98955957797258
            ],
            [
              26.76859454831985,
              40.992895004951734
            ],
            [
              26.767421795314082,
              40.99486149088974
            ],
            [
              26.765085172209286,
              40.99888807832747
            ],
            [
              26.763314907675625,
              41.00097042491621
            ],
            [
              26.760947129661623,
              41.003512110897454
            ],
            [
              26.759025320079452,
              41.00571043582805
            ],
            [
              26.75741551179943,
              41.00835919531956
            ],
            [
              26.756242789240943,
              41.01031668680142
            ],
            [
              26.754173829611148,
              41.01251060248381
            ],
            [
              26.74998666503075,
              41.014726755316104
            ],
            [
              26.745786202368553,
              41.016028838047234
            ],
            [
              26.742945773221447,
              41.01754935357564
            ],
            [
              26.739503344001335,
              41.01918142773806
            ],
            [
              26.736966158204083,
              41.02058598691222
            ],
            [
              26.733363203728715,
              41.02187915877867
            ],
            [
              26.727793774324983,
              41.022846751102065
            ],
            [
              26.724039225018128,
              41.0238010169693
            ],
            [
              26.72118979367922,
              41.02485335785015
            ],
            [
              26.718032749444447,
              41.02569167388061
            ],
            [
              26.71246338535495,
              41.02677080789428
            ],
            [
              26.70991275965653,
              41.02747979915192
            ],
            [
              26.706898378875497,
              41.02773842140128
            ],
            [
              26.702515060458932,
              41.02766706395479
            ],
            [
              26.697088408032936,
              41.0282957976992
            ],
            [
              26.693935789332766,
              41.029125184127096
            ],
            [
              26.69093036714454,
              41.02995457007471
            ],
            [
              26.68837976511636,
              41.031011423408934
            ],
            [
              26.684509238215263,
              41.03378943762068
            ],
            [
              26.68076808201826,
              41.035769284654805
            ],
            [
              26.677633313437855,
              41.03798097230661
            ],
            [
              26.67601023267093,
              41.03993854565018
            ],
            [
              26.674556520175276,
              41.043273964773
            ],
            [
              26.674146337851752,
              41.045686272341946
            ],
            [
              26.673887634754905,
              41.048201251859034
            ],
            [
              26.673637926614838,
              41.05095252603601
            ],
            [
              26.674150745516673,
              41.05415863548467
            ],
            [
              26.67448518808387,
              41.056218674048004
            ],
            [
              26.67512726604162,
              41.0583858325681
            ],
            [
              26.676233132621142,
              41.061012262129005
            ],
            [
              26.67808810496518,
              41.063170418875266
            ],
            [
              26.680380128675267,
              41.06452153817551
            ],
            [
              26.684321966014394,
              41.06730400525748
            ],
            [
              26.686649635005093,
              41.068815625559495
            ],
            [
              26.689088723326947,
              41.069939336103765
            ],
            [
              26.691371819730712,
              41.071058600053625
            ],
            [
              26.693975904528827,
              41.07286898923224
            ],
            [
              26.696263448173667,
              41.074108646127826
            ],
            [
              26.69991988956827,
              41.075673788022314
            ],
            [
              26.702800442869275,
              41.07633815963228
            ],
            [
              26.705832687119273,
              41.07688665817729
            ],
            [
              26.710077705798643,
              41.077644725255226
            ],
            [
              26.714630494859815,
              41.078518685019716
            ],
            [
              26.71841182375487,
              41.07882636091885
            ],
            [
              26.72266577561624,
              41.07904483282672
            ],
            [
              26.726121596251005,
              41.07909837766871
            ],
            [
              26.73034437469695,
              41.078478558035414
            ],
            [
              26.734562666286415,
              41.07786760565465
            ],
            [
              26.739235814084633,
              41.077136368322165
            ],
            [
              26.742397322591664,
              41.07641843681845
            ],
            [
              26.745710396916696,
              41.07604383784146
            ],
            [
              26.749768155176056,
              41.074857776242276
            ],
            [
              26.75442794339037,
              41.07355570569178
            ],
            [
              26.75894502326825,
              41.072592530720605
            ],
            [
              26.763306005964115,
              41.071517859182265
            ],
            [
              26.769624602082896,
              41.070082026386615
            ],
            [
              26.772473948809957,
              41.06916795053477
            ],
            [
              26.776683343752566,
              41.0678346550109
            ],
            [
              26.780593979887655,
              41.06699632952203
            ],
            [
              26.784179080602566,
              41.06699636729126
            ],
            [
              26.7869437264392,
              41.067161335999096
            ],
            [
              26.78982431548245,
              41.067589432509116
            ],
            [
              26.792406114649324,
              41.068249339205686
            ],
            [
              26.79528672182571,
              41.06890930556908
            ],
            [
              26.798479430684672,
              41.06979220159663
            ],
            [
              26.802876128029805,
              41.070666208583994
            ],
            [
              26.806822436108156,
              41.07142421323981
            ],
            [
              26.81047444041302,
              41.07276193008761
            ],
            [
              26.814893370277684,
              41.07455005971284
            ],
            [
              26.818090557141236,
              41.07589223710305
            ],
            [
              26.820088258248685,
              41.07747522784199
            ],
            [
              26.82225529783048,
              41.079972329994085
            ],
            [
              26.823802694913347,
              41.08190311971397
            ],
            [
              26.825657597288355,
              41.08383392439794
            ],
            [
              26.82780696307248,
              41.08563982505792
            ],
            [
              26.82946569336135,
              41.08752158094756
            ],
            [
              26.832123338912876,
              41.089719911742364
            ],
            [
              26.834888007296406,
              41.09198071179441
            ],
            [
              26.8375010032308,
              41.094125547644055
            ],
            [
              26.84102368908674,
              41.096265914726764
            ],
            [
              26.843021359422202,
              41.09796032905999
            ],
            [
              26.846098140251346,
              41.100448539552964
            ],
            [
              26.848095853756412,
              41.10226334353309
            ],
            [
              26.851466919858836,
              41.104403736690415
            ],
            [
              26.854222623635053,
              41.106089323646394
            ],
            [
              26.857121018141388,
              41.10743593225478
            ],
            [
              26.860786468127362,
              41.10922845500996
            ],
            [
              26.86428235240275,
              41.10999104159469
            ],
            [
              26.867002392938435,
              41.110075734438745
            ],
            [
              26.869231964814187,
              41.108934172135434
            ],
            [
              26.873512735812422,
              41.11046814343327
            ],
            [
              26.87686147761867,
              41.11146248933944
            ],
            [
              26.88097278647673,
              41.112902792757005
            ],
            [
              26.883710679839215,
              41.11379459059437
            ],
            [
              26.88615422881421,
              41.11490939124761
            ],
            [
              26.888905535970782,
              41.116256004106425
            ],
            [
              26.892107202273777,
              41.117593759177986
            ],
            [
              26.89426534361978,
              41.119520116328154
            ],
            [
              26.895968764670183,
              41.121330456795796
            ],
            [
              26.897823767288166,
              41.12337276514585
            ],
            [
              26.899420046987128,
              41.12493344449697
            ],
            [
              26.902751043008433,
              41.12767131881611
            ],
            [
              26.904904764248762,
              41.129133920819996
            ],
            [
              26.907348341848486,
              41.13048501469731
            ],
            [
              26.910723872870644,
              41.13262091697922
            ],
            [
              26.91287320102372,
              41.134087949010464
            ],
            [
              26.915785003086615,
              41.136000907716806
            ],
            [
              26.92100217475457,
              41.13758389136732
            ],
            [
              26.923552759687233,
              41.13854708628237
            ],
            [
              26.926607185945628,
              41.139773332352235
            ],
            [
              26.929510085852545,
              41.14122697456882
            ],
            [
              26.93408955956039,
              41.14301068419443
            ],
            [
              26.937741567742876,
              41.14411203842562
            ],
            [
              26.94140698974071,
              41.145788665532166
            ],
            [
              26.94493857560644,
              41.14815645259627
            ],
            [
              26.947542688487705,
              41.14973054082767
            ],
            [
              26.949397692957483,
              41.1514294254332
            ],
            [
              26.950655166207337,
              41.15347166943694
            ],
            [
              26.95177437133943,
              41.15632109444098
            ],
            [
              26.95197057750814,
              41.15849713227941
            ],
            [
              26.95233181558981,
              41.1610164866882
            ],
            [
              26.952849011148345,
              41.16409770645651
            ],
            [
              26.9539638027162,
              41.16649227855301
            ],
            [
              26.955065202779306,
              41.16842308736186
            ],
            [
              26.956478777612805,
              41.17092905503977
            ],
            [
              26.958516518797644,
              41.173996932046066
            ],
            [
              26.961463990633867,
              41.17728327869033
            ],
            [
              26.963345733711336,
              41.180235259332896
            ],
            [
              26.964598722616984,
              41.18229087675852
            ],
            [
              26.965414760451992,
              41.184912820378415
            ],
            [
              26.967118152959355,
              41.18672763780259
            ],
            [
              26.968839408117024,
              41.18910433874646
            ],
            [
              26.969940730999994,
              41.19104410827612
            ],
            [
              26.971523715416772,
              41.19411639925708
            ],
            [
              26.971572762412766,
              41.196519862560734
            ],
            [
              26.97101986017969,
              41.19870482948932
            ],
            [
              26.970475849685897,
              41.201687925018085
            ],
            [
              26.9697713109028,
              41.20398441179673
            ],
            [
              26.96894190504768,
              41.207547239506205
            ],
            [
              26.968879472654972,
              41.21143553567475
            ],
            [
              26.969254066735417,
              41.214869048534695
            ],
            [
              26.96961078388832,
              41.217268076351274
            ],
            [
              26.969673216065644,
              41.21990340804794
            ],
            [
              26.97020833542694,
              41.22367578258214
            ],
            [
              26.971505929140697,
              41.22743483066286
            ],
            [
              26.973244934797247,
              41.23073900217136
            ],
            [
              26.97436869190074,
              41.23358835865304
            ],
            [
              26.975483460242273,
              41.236094344560385
            ],
            [
              26.976152318430167,
              41.238952637692826
            ],
            [
              26.976067610882343,
              41.241926857108794
            ],
            [
              26.976263794589393,
              41.243986979401406
            ],
            [
              26.975554783657607,
              41.24617195292103
            ],
            [
              26.975327339130907,
              41.24949398764666
            ],
            [
              26.97601856492718,
              41.25337782348002
            ],
            [
              26.97654917688262,
              41.25681137603147
            ],
            [
              26.976767637351998,
              41.259669628024824
            ],
            [
              26.97638865500424,
              41.263107619405005
            ],
            [
              26.975679644490583,
              41.26529257931233
            ],
            [
              26.97437309349558,
              41.2679413039238
            ],
            [
              26.97303985521973,
              41.27196336806427
            ],
            [
              26.972250615887017,
              41.27472353906434
            ],
            [
              26.97125620248055,
              41.277595255677184
            ],
            [
              26.97058283732892,
              41.281608417921476
            ],
            [
              26.970333199411183,
              41.28390040317855
            ],
            [
              26.969503795754637,
              41.287458768623445
            ],
            [
              26.968803655451204,
              41.29021894256356
            ],
            [
              26.967657680504058,
              41.29321102366952
            ],
            [
              26.965593167248766,
              41.29563675398664
            ],
            [
              26.96262338422163,
              41.298646643524826
            ],
            [
              26.959221094953968,
              41.30223625353239
            ],
            [
              26.957009348618655,
              41.305237227151395
            ],
            [
              26.954338333280116,
              41.3077878405252
            ],
            [
              26.951966175448643,
              41.31021798742756
            ],
            [
              26.948675296054738,
              41.31243422914984
            ],
            [
              26.94887150508176,
              41.31448534615703
            ],
            [
              26.949678619432916,
              41.31665698371841
            ],
            [
              26.950632886257303,
              41.3187081333229
            ],
            [
              26.952095452219044,
              41.32184736711346
            ],
            [
              26.953673988015538,
              41.32443807583696
            ],
            [
              26.951074352251624,
              41.324883981275384
            ],
            [
              26.948670893927062,
              41.32605673987535
            ],
            [
              26.946115757881763,
              41.32700206997067
            ],
            [
              26.943101410780333,
              41.32783590747513
            ],
            [
              26.940247660180198,
              41.32924051241659
            ],
            [
              26.936791825222954,
              41.330658539213886
            ],
            [
              26.934236726420824,
              41.331831273846504
            ],
            [
              26.931534518245886,
              41.333119994234764
            ],
            [
              26.926861367589936,
              41.33443092037227
            ],
            [
              26.921876153579095,
              41.335175568108376
            ],
            [
              26.91779599774324,
              41.33602285751262
            ],
            [
              26.914193068315644,
              41.337779706014686
            ],
            [
              26.91210620244789,
              41.3394028747868
            ],
            [
              26.91032707146968,
              41.34148524784194
            ],
            [
              26.90867273597443,
              41.34362110482301
            ],
            [
              26.907375119149776,
              41.34529330003058
            ],
            [
              26.905172360446468,
              41.34852170479805
            ],
            [
              26.903558151856718,
              41.35117932178388
            ],
            [
              26.902398796823803,
              41.353819068723034
            ],
            [
              26.902144586144196,
              41.355999638412065
            ],
            [
              26.90190376415519,
              41.35897829811772
            ],
            [
              26.90195282716442,
              41.36126584447304
            ],
            [
              26.901997487073324,
              41.36332590244093
            ],
            [
              26.90235413699839,
              41.365840833835314
            ],
            [
              26.901970709100883,
              41.36928324110107
            ],
            [
              26.901114531094063,
              41.37192748785678
            ],
            [
              26.898760113832545,
              41.375383359512064
            ],
            [
              26.896704459384544,
              41.37861174044117
            ],
            [
              26.895072484354852,
              41.38034629084308
            ],
            [
              26.892530816503328,
              41.382205729410074
            ],
            [
              26.889231024711727,
              41.383962618693644
            ],
            [
              26.88624346532124,
              41.38628583227443
            ],
            [
              26.88430820206226,
              41.38825226756196
            ],
            [
              26.881311677481275,
              41.38988428397854
            ],
            [
              26.877253937193075,
              41.391877512499015
            ],
            [
              26.875769021697415,
              41.393603192831364
            ],
            [
              26.87629071592355,
              41.39657746080583
            ],
            [
              26.877240546667498,
              41.398512641291624
            ],
            [
              26.87835977604987,
              41.40125054712733
            ],
            [
              26.879465609235353,
              41.403417658282166
            ],
            [
              26.8804198295249,
              41.40545995899654
            ],
            [
              26.88198496452541,
              41.40773854175935
            ],
            [
              26.883710679839215,
              41.41035157330381
            ],
            [
              26.885275790932766,
              41.4125098260603
            ],
            [
              26.88856665691591,
              41.416353523085085
            ],
            [
              26.889953442607105,
              41.418186253718304
            ],
            [
              26.891366908793565,
              41.420576341817295
            ],
            [
              26.892633350072405,
              41.42307788315425
            ],
            [
              26.89420738249512,
              41.42569537268623
            ],
            [
              26.896249671487166,
              41.42875876975699
            ],
            [
              26.89845692490885,
              41.43262926491632
            ],
            [
              26.90097632739717,
              41.43672272836576
            ],
            [
              26.903495700322942,
              41.44104802109975
            ],
            [
              26.90555137960728,
              41.44479813203907
            ],
            [
              26.907419688073364,
              41.44695190947229
            ],
            [
              26.909131990348712,
              41.44888270043193
            ],
            [
              26.910541107099228,
              41.4508090187733
            ],
            [
              26.912574434918074,
              41.45353796630909
            ],
            [
              26.913983529031334,
              41.45547323181403
            ],
            [
              26.9155575845582,
              41.457965852139104
            ],
            [
              26.916364645189272,
              41.460248930881704
            ],
            [
              26.917029106651754,
              41.46299124541939
            ],
            [
              26.917871833104353,
              41.4667592522771
            ],
            [
              26.91855857319003,
              41.47052714322086
            ],
            [
              26.91921853525443,
              41.47281023179012
            ],
            [
              26.92113147029459,
              41.47702403489003
            ],
            [
              26.92284824529215,
              41.47906631237496
            ],
            [
              26.924266166873533,
              41.48145640692696
            ],
            [
              26.92662057339219,
              41.48485868974217
            ],
            [
              26.928069826909127,
              41.48690100591449
            ],
            [
              26.929287174295744,
              41.488613287315765
            ],
            [
              26.932132086911327,
              41.49361640799726
            ],
            [
              26.93416098671229,
              41.4959975467046
            ],
            [
              26.93602042022998,
              41.497696446787415
            ],
            [
              26.937732673191547,
              41.499390896657275
            ],
            [
              26.940051443207754,
              41.50131277892427
            ],
            [
              26.941612099854893,
              41.503123174131545
            ],
            [
              26.94455953644227,
              41.50583433037635
            ],
            [
              26.94690060234274,
              41.50844737098021
            ],
            [
              26.94937981498886,
              41.51070813886149
            ],
            [
              26.95155139323015,
              41.5125140952734
            ],
            [
              26.95375421264519,
              41.51592083768796
            ],
            [
              26.954864507630205,
              41.51797199716506
            ],
            [
              26.955684984856795,
              41.5208258414834
            ],
            [
              26.957602443863834,
              41.5250351826053
            ],
            [
              26.957812030139674,
              41.52766609215363
            ],
            [
              26.957709437997913,
              41.529842155348554
            ],
            [
              26.9577941528786,
              41.53373492145963
            ],
            [
              26.95727247756778,
              41.537632170158226
            ],
            [
              26.95687118108504,
              41.54191287863826
            ],
            [
              26.95665261028435,
              41.54393287110878
            ],
            [
              26.95671064431254,
              41.546568187202624
            ],
            [
              26.956608051638945,
              41.548744251774266
            ],
            [
              26.95637169302291,
              41.55195033483618
            ],
            [
              26.956728431828843,
              41.55434932833247
            ],
            [
              26.957232321002895,
              41.55640501555656
            ],
            [
              26.957749594472606,
              41.55914286164431
            ],
            [
              26.958422910518372,
              41.561996716017305
            ],
            [
              26.959426187892912,
              41.56610351528639
            ],
            [
              26.960389394394273,
              41.56838213486683
            ],
            [
              26.96122323555388,
              41.57169527147496
            ],
            [
              26.961892048898424,
              41.574437620025336
            ],
            [
              26.963314561610254,
              41.57682318733184
            ],
            [
              26.96673026001362,
              41.57998913592559
            ],
            [
              26.96875909935671,
              41.58214290534385
            ],
            [
              26.97084594944714,
              41.58703452611356
            ],
            [
              26.972928377363463,
              41.59147579422868
            ],
            [
              26.97529616879166,
              41.595341835823
            ],
            [
              26.977329507301587,
              41.59783897465556
            ],
            [
              26.980763034755242,
              41.601459754192405
            ],
            [
              26.982341536827864,
              41.60407280154151
            ],
            [
              26.982087331690447,
              41.60624882336344
            ],
            [
              26.981703867602917,
              41.60946379923335
            ],
            [
              26.98178857289454,
              41.6132362134834
            ],
            [
              26.981900046084526,
              41.61826611678973
            ],
            [
              26.980731775390783,
              41.62034401466137
            ],
            [
              26.978381830460712,
              41.62110655119877
            ],
            [
              26.97471201602338,
              41.623617032698114
            ],
            [
              26.970516003744645,
              41.626867683940134
            ],
            [
              26.966453757846622,
              41.62909279406134
            ],
            [
              26.963724739380925,
              41.62957884493657
            ],
            [
              26.959921177043576,
              41.629850857950636
            ],
            [
              26.957156499638213,
              41.628624597397064
            ],
            [
              26.954387384247774,
              41.627398378629
            ],
            [
              26.950253857233676,
              41.62568155206124
            ],
            [
              26.94607119702886,
              41.623255798512325
            ],
            [
              26.942673404532126,
              41.62124028575542
            ],
            [
              26.940207500402465,
              41.61989363989437
            ],
            [
              26.93712622563532,
              41.61820809869352
            ],
            [
              26.93266712103583,
              41.61630852210786
            ],
            [
              26.928667315422484,
              41.61429752047885
            ],
            [
              26.925768896513453,
              41.61409683061719
            ],
            [
              26.92243798880531,
              41.61493511672366
            ],
            [
              26.918692362805015,
              41.61611230953219
            ],
            [
              26.912124083537798,
              41.61688379329687
            ],
            [
              26.909390595685487,
              41.61725838260294
            ],
            [
              26.906055209873223,
              41.61809664681479
            ],
            [
              26.903245983864526,
              41.6195859837175
            ],
            [
              26.90063297439456,
              41.620901446824924
            ],
            [
              26.898220591811437,
              41.62206970473778
            ],
            [
              26.895210691849933,
              41.62370620862264
            ],
            [
              26.893583108740284,
              41.62601599613415
            ],
            [
              26.893177379252077,
              41.62842388844807
            ],
            [
              26.893083742348953,
              41.631054801445316
            ],
            [
              26.893320081095126,
              41.63517056906515
            ],
            [
              26.89397994109375,
              41.63733768994688
            ],
            [
              26.895536171048395,
              41.6390321435531
            ],
            [
              26.89694978025735,
              41.64096735888019
            ],
            [
              26.89851039186631,
              41.642666287750316
            ],
            [
              26.901622864732644,
              41.645836744108315
            ],
            [
              26.903941576918307,
              41.64741525628966
            ],
            [
              26.90641643576677,
              41.64922117745263
            ],
            [
              26.908284736697087,
              41.65091564767458
            ],
            [
              26.91090223557988,
              41.65237373544642
            ],
            [
              26.913064950238624,
              41.65372485936798
            ],
            [
              26.915842958382186,
              41.6554103851148
            ],
            [
              26.918241934439628,
              41.65646721541764
            ],
            [
              26.922919586352975,
              41.65842475676178
            ],
            [
              26.92538092822264,
              41.65954398150932
            ],
            [
              26.92954135275121,
              41.661550596718634
            ],
            [
              26.93231043176851,
              41.662785765281015
            ],
            [
              26.935690420479858,
              41.66411459755391
            ],
            [
              26.938615567905973,
              41.66545675936278
            ],
            [
              26.941384708822856,
              41.66656709844129
            ],
            [
              26.94445253569335,
              41.66757040893542
            ],
            [
              26.94784149551136,
              41.66913102836068
            ],
            [
              26.950164647412706,
              41.67046877859511
            ],
            [
              26.955096465927813,
              41.67309963966026
            ],
            [
              26.953816649486065,
              41.6775319783715
            ],
            [
              26.953883578165634,
              41.68050623059695
            ],
            [
              26.953335121720674,
              41.68325747067959
            ],
            [
              26.953094267591535,
              41.68635207814626
            ],
            [
              26.951765477374195,
              41.68819815443511
            ],
            [
              26.9530853736815,
              41.69275986071709
            ],
            [
              26.95449887184462,
              41.69469064199505
            ],
            [
              26.956367291054555,
              41.69638952527464
            ],
            [
              26.958427402279348,
              41.69869485798569
            ],
            [
              26.960576699012325,
              41.700572176900906
            ],
            [
              26.96199023716773,
              41.70238703974094
            ],
            [
              26.963559805970547,
              41.70442927908086
            ],
            [
              26.96575809907848,
              41.7072697575182
            ],
            [
              26.967782545990627,
              41.70907124309786
            ],
            [
              26.969989844353652,
              41.71248243395618
            ],
            [
              26.971260682326605,
              41.7147565822447
            ],
            [
              26.97255821878045,
              41.718172234069065
            ],
            [
              26.97429733938373,
              41.72090120132984
            ],
            [
              26.97541207441526,
              41.72305939626847
            ],
            [
              26.976393091215797,
              41.7260247037981
            ],
            [
              26.977365225396635,
              41.72841481196548
            ],
            [
              26.977869073826056,
              41.73047045369991
            ],
            [
              26.978716299210394,
              41.73435432617256
            ],
            [
              26.979425324538084,
              41.738808978140185
            ],
            [
              26.979933567987338,
              41.74097608986673
            ],
            [
              26.98078080840295,
              41.74463257587749
            ],
            [
              26.981298125832023,
              41.74725453015101
            ],
            [
              26.981819815354765,
              41.750224270491515
            ],
            [
              26.982814165063424,
              41.7537603494304
            ],
            [
              26.983349299639862,
              41.757184911545146
            ],
            [
              26.98449527838903,
              41.76049356607277
            ],
            [
              26.985311319095675,
              41.76288814607314
            ],
            [
              26.986751579356305,
              41.765960425119424
            ],
            [
              26.987879742976062,
              41.76857792870115
            ],
            [
              26.988691282829027,
              41.77074056475658
            ],
            [
              26.989930904428164,
              41.77565008224643
            ],
            [
              26.990724635817376,
              41.77964540381748
            ],
            [
              26.99159859674879,
              41.78443896814375
            ],
            [
              26.99230320775551,
              41.788550255325696
            ],
            [
              26.992851606660757,
              41.792550084205956
            ],
            [
              26.993088020429454,
              41.79632246571439
            ],
            [
              26.9931593150448,
              41.79941259720855
            ],
            [
              26.99320389659542,
              41.801472719411294
            ],
            [
              26.993431333672767,
              41.804558398370155
            ],
            [
              26.99335107383932,
              41.80799194283794
            ],
            [
              26.993404601152445,
              41.81027946878194
            ],
            [
              26.99345804045704,
              41.81256694106934
            ],
            [
              26.993244040194675,
              41.81668719039561
            ],
            [
              26.992985404945664,
              41.818751759522655
            ],
            [
              26.991999924374397,
              41.8224215584759
            ],
            [
              26.99129099017443,
              41.82472247106569
            ],
            [
              26.990737990502645,
              41.82724183750082
            ],
            [
              26.990176197737554,
              41.829538299085414
            ],
            [
              26.98961428695815,
              41.83160288549725
            ],
            [
              26.989351298624427,
              41.83366743668973
            ],
            [
              26.988517365102936,
              41.83711429177059
            ],
            [
              26.98766117881084,
              41.839754085404486
            ],
            [
              26.98589546613902,
              41.8428621003767
            ],
            [
              26.984299079237786,
              41.84654088532722
            ],
            [
              26.98343846558117,
              41.849180669265614
            ],
            [
              26.982265734741382,
              41.851370039365406
            ],
            [
              26.98124906325092,
              41.85367098411272
            ],
            [
              26.980232401099077,
              41.85596741541183
            ],
            [
              26.979055160307386,
              41.85792942884714
            ],
            [
              26.976691868285148,
              41.8616170793821
            ],
            [
              26.975224745395092,
              41.86373959762985
            ],
            [
              26.974190303197044,
              41.86587997443153
            ],
            [
              26.97301309139005,
              41.86784200015142
            ],
            [
              26.971987479596564,
              41.86991102665683
            ],
            [
              26.969922918083356,
              41.87325088201606
            ],
            [
              26.969209508113025,
              41.875435850137904
            ],
            [
              26.96912031006903,
              41.87840556450874
            ],
            [
              26.96949043194728,
              41.88126387629884
            ],
            [
              26.969873910330872,
              41.88468845641203
            ],
            [
              26.969026672921945,
              41.887796436524845
            ],
            [
              26.96879034432779,
              41.890886603824306
            ],
            [
              26.968843773334296,
              41.89339708501078
            ],
            [
              26.969347684191675,
              41.895452746247706
            ],
            [
              26.97048920111255,
              41.8985250656449
            ],
            [
              26.970395647102123,
              41.90127632483517
            ],
            [
              26.97011469942532,
              41.90344792785796
            ],
            [
              26.969757981787073,
              41.90573094900432
            ],
            [
              26.96933432232275,
              41.90844656359194
            ],
            [
              26.968861679597037,
              41.91112202505889
            ],
            [
              26.96844253430669,
              41.91318656449913
            ],
            [
              26.967943154932723,
              41.91562571433162
            ],
            [
              26.967399150836602,
              41.91799350217374
            ],
            [
              26.966529575280976,
              41.921779245414186
            ],
            [
              26.96557981086271,
              41.92512361482253
            ],
            [
              26.96446941743288,
              41.930287225212474
            ],
            [
              26.963622162511886,
              41.933502226559966
            ],
            [
              26.96338584975131,
              41.93659237954763
            ],
            [
              26.96328777301126,
              41.939111795735556
            ],
            [
              26.96306037766786,
              41.94254085579849
            ],
            [
              26.96402356487591,
              41.94459647590363
            ],
            [
              26.965138346938424,
              41.94652725907208
            ],
            [
              26.967184983714773,
              41.94913138143522
            ],
            [
              26.969231750941454,
              41.95162400061377
            ],
            [
              26.970975276989893,
              41.95435298994372
            ],
            [
              26.972397731687202,
              41.95639973921811
            ],
            [
              26.973833557854206,
              41.959012757898066
            ],
            [
              26.975568113147585,
              41.96128244948414
            ],
            [
              26.97716900740415,
              41.96435032817907
            ],
            [
              26.978462090749176,
              41.96753858224611
            ],
            [
              26.9789749567718,
              41.969705688220095
            ],
            [
              26.980901258562838,
              41.97379916491653
            ],
            [
              26.98065152711311,
              41.97632296715839
            ],
            [
              26.979492130427463,
              41.97919463053589
            ],
            [
              26.978622645623297,
              41.98137962806305
            ],
            [
              26.977449887250714,
              41.98368048992077
            ],
            [
              26.97536298431316,
              41.986217717306715
            ],
            [
              26.97342778774658,
              41.9886435029499
            ],
            [
              26.971189324209593,
              41.991069271293355
            ],
            [
              26.968478168989144,
              41.9931649873325
            ],
            [
              26.9671449346053,
              41.995127032785646
            ],
            [
              26.96566896732068,
              41.997539371915764
            ],
            [
              26.96448727204915,
              41.99950137072845
            ],
            [
              26.96063469042562,
              42.003826733829634
            ],
            [
              26.96063011406647,
              42.00383116728101
            ],
            [
              26.95483328995872,
              42.00379995716077
            ],
            [
              26.95255917575719,
              42.003791057553876
            ],
            [
              26.950887040909784,
              42.00378657490931
            ],
            [
              26.946320894679214,
              42.00376874216137
            ],
            [
              26.941219667435533,
              42.00183350534858
            ],
            [
              26.93854871220424,
              42.00082127073174
            ],
            [
              26.922219515531616,
              41.996099098359394
            ],
            [
              26.917510663968383,
              41.99547040014786
            ],
            [
              26.9043117376723,
              41.9937001359558
            ],
            [
              26.88638162332126,
              41.99361091476527
            ],
            [
              26.873757973956177,
              41.99260315508406
            ],
            [
              26.870801645445713,
              41.99237130923169
            ],
            [
              26.866141871602508,
              41.990601045710264
            ],
            [
              26.86020231930475,
              41.98686432166383
            ],
            [
              26.856831233680445,
              41.98474179885954
            ],
            [
              26.853758852127754,
              41.979497884360924
            ],
            [
              26.849139308072687,
              41.975961818857606
            ],
            [
              26.843890929608087,
              41.97403102672653
            ],
            [
              26.84300802314603,
              41.97407562247703
            ],
            [
              26.837269103033783,
              41.97436989865545
            ],
            [
              26.831878073215428,
              41.97557831769925
            ],
            [
              26.830629508613963,
              41.97585926743975
            ],
            [
              26.81530802442862,
              41.979578110865106
            ],
            [
              26.805078870953697,
              41.982949228416174
            ],
            [
              26.803366594668496,
              41.98436278283373
            ],
            [
              26.800972097445822,
              41.98633814769088
            ],
            [
              26.797377995737723,
              41.98936137660996
            ],
            [
              26.795304561060018,
              41.98986530349666
            ],
            [
              26.794310203284233,
              41.99011052454703
            ],
            [
              26.792615670207336,
              41.9891473409826
            ],
            [
              26.79024796767305,
              41.987800729447095
            ],
            [
              26.79014984436431,
              41.98772935445491
            ],
            [
              26.788745210712378,
              41.9867127008605
            ],
            [
              26.779117979448333,
              41.97976093581822
            ],
            [
              26.772598822359615,
              41.9754311848327
            ],
            [
              26.771029194696652,
              41.97439222101945
            ],
            [
              26.765981545604028,
              41.969411401197476
            ],
            [
              26.76245883289441,
              41.965210895713156
            ],
            [
              26.759939340282934,
              41.96290999624322
            ],
            [
              26.756358772286895,
              41.96402926923054
            ],
            [
              26.75276919121382,
              41.96666902803321
            ],
            [
              26.74918849367814,
              41.96740922630608
            ],
            [
              26.747248799280857,
              41.96687864194515
            ],
            [
              26.742994864223707,
              41.96571925331064
            ],
            [
              26.742080741202244,
              41.96546953633385
            ],
            [
              26.740671646079818,
              41.96551861508811
            ],
            [
              26.73289944379218,
              41.965790590643245
            ],
            [
              26.726259809590807,
              41.96765003934118
            ],
            [
              26.723455025290143,
              41.969415852395194
            ],
            [
              26.722670262464668,
              41.96991081472316
            ],
            [
              26.72205036084333,
              41.96994646076749
            ],
            [
              26.716547865210043,
              41.97024970409474
            ],
            [
              26.709939475988303,
              41.96906800938238
            ],
            [
              26.707803618348574,
              41.96942476261291
            ],
            [
              26.703308770140794,
              41.97016941738461
            ],
            [
              26.700749292019232,
              41.97103006894065
            ],
            [
              26.69666031802139,
              41.97239899993565
            ],
            [
              26.693164374615336,
              41.97265764318988
            ],
            [
              26.686970660451394,
              41.97310801079738
            ],
            [
              26.679840551915586,
              41.97267989175337
            ],
            [
              26.671181004836797,
              41.9722384648686
            ],
            [
              26.66480004284269,
              41.97344240568569
            ],
            [
              26.661478005918873,
              41.97407112479845
            ],
            [
              26.650250022568986,
              41.97551145187524
            ],
            [
              26.644676065500217,
              41.97780342437398
            ],
            [
              26.642058540314192,
              41.97887804225696
            ],
            [
              26.637447841973945,
              41.98075087379702
            ],
            [
              26.633358963556763,
              41.98224023826675
            ],
            [
              26.63223963401266,
              41.98214655777676
            ],
            [
              26.628262156106892,
              41.98182103909585
            ],
            [
              26.626648003285613,
              41.97966732214437
            ],
            [
              26.62626000939615,
              41.97915004452908
            ],
            [
              26.62579629734829,
              41.97817349469265
            ],
            [
              26.624271208470667,
              41.97494958926465
            ],
            [
              26.624088429001173,
              41.972171565013454
            ],
            [
              26.62385205732671,
              41.96847944343087
            ],
            [
              26.62081992460118,
              41.966178515775695
            ],
            [
              26.612722215639188,
              41.961937917064134
            ],
            [
              26.602069428952326,
              41.95805853233113
            ],
            [
              26.595501084645182,
              41.954589311452935
            ],
            [
              26.586930759004648,
              41.947682185986835
            ],
            [
              26.585200587911498,
              41.946696699554316
            ],
            [
              26.580861866274237,
              41.94422191678107
            ],
            [
              26.58085750164861,
              41.944217467772965
            ],
            [
              26.57634936941498,
              41.938862099282694
            ],
            [
              26.573348288176714,
              41.93464821690513
            ],
            [
              26.57036073828952,
              41.92968971479732
            ],
            [
              26.570409786304204,
              41.925881606987964
            ],
            [
              26.57175640561322,
              41.92329089260715
            ],
            [
              26.571979364118512,
              41.92285839840593
            ],
            [
              26.573682739699585,
              41.92136008743052
            ],
            [
              26.574561177188105,
              41.920588680528965
            ],
            [
              26.580219816237808,
              41.916071643016664
            ],
            [
              26.584348925516853,
              41.91155005630037
            ],
            [
              26.586948600022765,
              41.907380852248366
            ],
            [
              26.586368920244567,
              41.90591376994
            ],
            [
              26.58498211494154,
              41.90241783717337
            ],
            [
              26.582177334707946,
              41.899095842943964
            ],
            [
              26.58136132555319,
              41.89812376241154
            ],
            [
              26.58046950656615,
              41.89707141305577
            ],
            [
              26.575720557933096,
              41.89283968306359
            ],
            [
              26.57444077026064,
              41.89169815533537
            ],
            [
              26.573709532060988,
              41.890012643618235
            ],
            [
              26.572951501086745,
              41.88826018761191
            ],
            [
              26.57473065956896,
              41.88653451865625
            ],
            [
              26.576050553536213,
              41.88525030415597
            ],
            [
              26.57939041258991,
              41.882258223725366
            ],
            [
              26.580679116316322,
              41.88109888822299
            ],
            [
              26.581169628192324,
              41.88039436774452
            ],
            [
              26.58171801991926,
              41.87959172606648
            ],
            [
              26.581718032785837,
              41.8795872599306
            ],
            [
              26.577579991892108,
              41.87691625966623
            ],
            [
              26.57515867394801,
              41.87535111901481
            ],
            [
              26.571194584344642,
              41.872760336849765
            ],
            [
              26.568099943209408,
              41.87074038920572
            ],
            [
              26.562080181414547,
              41.86460910641461
            ],
            [
              26.559065826467457,
              41.86159922925139
            ],
            [
              26.55556099314556,
              41.85808995429931
            ],
            [
              26.552069481293586,
              41.85313142154709
            ],
            [
              26.551293628060257,
              41.851481517517364
            ],
            [
              26.550089600518824,
              41.848930921267005
            ],
            [
              26.548622635784483,
              41.84473044985735
            ],
            [
              26.548618122108213,
              41.844730438414125
            ],
            [
              26.54358825501891,
              41.84089115217417
            ],
            [
              26.535008980863775,
              41.83625813034023
            ],
            [
              26.52536836158812,
              41.83541987607009
            ],
            [
              26.50603819067973,
              41.83563838195676
            ],
            [
              26.48300251161815,
              41.83657476824058
            ],
            [
              26.482641343023257,
              41.83658816084264
            ],
            [
              26.476452055772526,
              41.836128865246145
            ],
            [
              26.465380107647263,
              41.83529944351945
            ],
            [
              26.443508248265378,
              41.83549116712954
            ],
            [
              26.41751163560112,
              41.83631612977721
            ],
            [
              26.41554073310319,
              41.836378580682414
            ],
            [
              26.41553632048205,
              41.83637853827143
            ],
            [
              26.393169397741584,
              41.83616895958282
            ],
            [
              26.38625784930568,
              41.83611102703207
            ],
            [
              26.381482124902636,
              41.83607088536339
            ],
            [
              26.37491835340926,
              41.83258829503766
            ],
            [
              26.370468187122636,
              41.8257034334404
            ],
            [
              26.369968745166148,
              41.82493203126897
            ],
            [
              26.367877382540208,
              41.82153866803162
            ],
            [
              26.36501912428405,
              41.81690122944685
            ],
            [
              26.35665834464753,
              41.8004783624064
            ],
            [
              26.354415356632245,
              41.79712067387842
            ],
            [
              26.35135201049746,
              41.79253218478692
            ],
            [
              26.3487478472168,
              41.7882604167564
            ],
            [
              26.345390137290046,
              41.78274893748686
            ],
            [
              26.34318739998532,
              41.776122737722766
            ],
            [
              26.341760424740194,
              41.77182864990624
            ],
            [
              26.338808529124083,
              41.76423476917646
            ],
            [
              26.336627981988745,
              41.75862074810412
            ],
            [
              26.337310272144997,
              41.75433109910844
            ],
            [
              26.33834919796672,
              41.74775843328194
            ],
            [
              26.344525097117494,
              41.74056588998433
            ],
            [
              26.346148249697503,
              41.73867076421876
            ],
            [
              26.35178005980807,
              41.73187955232552
            ],
            [
              26.36188880900212,
              41.719688350181066
            ],
            [
              26.363498603057135,
              41.718399625566
            ],
            [
              26.36506821387265,
              41.71714216782802
            ],
            [
              26.367939802130294,
              41.71484130222077
            ],
            [
              26.382868873653095,
              41.70393878769725
            ],
            [
              26.384960194727004,
              41.70240930919678
            ],
            [
              26.412611094752208,
              41.69235855356165
            ],
            [
              26.418537244034027,
              41.69241645940733
            ],
            [
              26.421810264030956,
              41.692452154742256
            ],
            [
              26.426358521172848,
              41.692487799720446
            ],
            [
              26.430398461217333,
              41.69354014663253
            ],
            [
              26.43549079048542,
              41.69486003510113
            ],
            [
              26.43953957825574,
              41.694900238725424
            ],
            [
              26.4438917402458,
              41.694940313554994
            ],
            [
              26.450263792384053,
              41.6923986580885
            ],
            [
              26.45197157884467,
              41.69172084713209
            ],
            [
              26.452341731163834,
              41.69156925295514
            ],
            [
              26.45775952011335,
              41.68698977455336
            ],
            [
              26.462401438768072,
              41.68307021026976
            ],
            [
              26.467079008743283,
              41.6807915905689
            ],
            [
              26.469139151835897,
              41.67978828140647
            ],
            [
              26.4739371386529,
              41.677451730885124
            ],
            [
              26.473941550176896,
              41.67745177434998
            ],
            [
              26.47652785928838,
              41.676876514957975
            ],
            [
              26.483889864760798,
              41.67524895056913
            ],
            [
              26.493887177412507,
              41.67051340319962
            ],
            [
              26.496959475488538,
              41.66905972491344
            ],
            [
              26.49819907792712,
              41.66522931528593
            ],
            [
              26.49843097377091,
              41.66452037639144
            ],
            [
              26.498618218693228,
              41.66393177127059
            ],
            [
              26.499358464809617,
              41.66163974247104
            ],
            [
              26.50114213948393,
              41.6593611264985
            ],
            [
              26.5031621025477,
              41.65677935723701
            ],
            [
              26.506542051328005,
              41.652454057904286
            ],
            [
              26.508691322777825,
              41.6496983075935
            ],
            [
              26.518768939910196,
              41.63889836998084
            ],
            [
              26.532761601610424,
              41.6295208608777
            ],
            [
              26.534901988661854,
              41.6280850062147
            ],
            [
              26.536480443877906,
              41.62702824669061
            ],
            [
              26.545447740019178,
              41.62427698445348
            ],
            [
              26.551039398769376,
              41.62256021713865
            ],
            [
              26.586168202180772,
              41.61939869208426
            ],
            [
              26.596138760906847,
              41.61547024201737
            ],
            [
              26.60082972716955,
              41.60635138932735
            ],
            [
              26.601859833569666,
              41.60059914859784
            ],
            [
              26.602470714695556,
              41.597201333880875
            ],
            [
              26.59796703628014,
              41.58991068658455
            ],
            [
              26.59410989616199,
              41.583667945687054
            ],
            [
              26.60041950093424,
              41.566161495138886
            ],
            [
              26.60058002824403,
              41.56572006267381
            ],
            [
              26.605311123915172,
              41.55258354051247
            ],
            [
              26.605311123915172,
              41.55257906632213
            ],
            [
              26.604486187864083,
              41.5510451679688
            ],
            [
              26.60301023951054,
              41.548298373772376
            ],
            [
              26.601079515802514,
              41.544686481875466
            ],
            [
              26.60045072458464,
              41.54350923751742
            ],
            [
              26.599010473012797,
              41.54082042222162
            ],
            [
              26.598733957345463,
              41.54030764366261
            ],
            [
              26.59781091628182,
              41.53859089173527
            ],
            [
              26.598711731698,
              41.53431455909544
            ],
            [
              26.59939838622533,
              41.53104165500829
            ],
            [
              26.601333623265923,
              41.52868721746844
            ],
            [
              26.606149463910015,
              41.522827986375624
            ],
            [
              26.60626985636979,
              41.522480150071324
            ],
            [
              26.606318895133704,
              41.52233742772381
            ],
            [
              26.606448195456828,
              41.52195845398551
            ],
            [
              26.607322252914344,
              41.51939444452001
            ],
            [
              26.607919712532226,
              41.51762862854328
            ],
            [
              26.608949786810847,
              41.51460090132771
            ],
            [
              26.609132622707673,
              41.512830659550986
            ],
            [
              26.60939122007823,
              41.51029785034944
            ],
            [
              26.609805929025516,
              41.50611521043404
            ],
            [
              26.609939726261373,
              41.50475970665661
            ],
            [
              26.609623093670603,
              41.50389458435187
            ],
            [
              26.609248514676317,
              41.50287795047177
            ],
            [
              26.607027931491963,
              41.49684922266037
            ],
            [
              26.607010115630864,
              41.4968001928604
            ],
            [
              26.606969984948726,
              41.49668867828176
            ],
            [
              26.60696098703696,
              41.49666638941784
            ],
            [
              26.60693876219338,
              41.496599545782765
            ],
            [
              26.60488308973434,
              41.49100337265813
            ],
            [
              26.6048785907372,
              41.49099887427896
            ],
            [
              26.60958746235399,
              41.48642832537352
            ],
            [
              26.61381018433343,
              41.48233043182716
            ],
            [
              26.613952886868425,
              41.48218772413757
            ],
            [
              26.614068866353144,
              41.48207178325837
            ],
            [
              26.615901496300648,
              41.480288126177285
            ],
            [
              26.618670657721662,
              41.474620588044324
            ],
            [
              26.619829975908882,
              41.47224836798357
            ],
            [
              26.61991914014327,
              41.47207002505849
            ],
            [
              26.619241365118423,
              41.46617956660617
            ],
            [
              26.618848987067267,
              41.4628128787556
            ],
            [
              26.617350728285448,
              41.44985028843534
            ],
            [
              26.617917030240164,
              41.446060045573965
            ],
            [
              26.61809095141779,
              41.44490965150326
            ],
            [
              26.618300502416343,
              41.44347381187112
            ],
            [
              26.618750914941984,
              41.44045051327129
            ],
            [
              26.618951557868506,
              41.439099397005094
            ],
            [
              26.622242346443837,
              41.43563022054058
            ],
            [
              26.62262581130271,
              41.435224457983374
            ],
            [
              26.622630309948068,
              41.435219994692076
            ],
            [
              26.630848466026674,
              41.431590264528324
            ],
            [
              26.63391182155635,
              41.428402049158905
            ],
            [
              26.641768807115664,
              41.39089206949309
            ],
            [
              26.640243800299956,
              41.38300836560018
            ],
            [
              26.63973099408906,
              41.380350743473635
            ],
            [
              26.639360873233553,
              41.377211531403
            ],
            [
              26.63800975602625,
              41.365809647559146
            ],
            [
              26.637541568367116,
              41.36176078407001
            ],
            [
              26.637470224543698,
              41.361158756624754
            ],
            [
              26.637238289486657,
              41.359196775009046
            ],
            [
              26.636868254513573,
              41.35607986087356
            ],
            [
              26.635659811255508,
              41.35422933949879
            ],
            [
              26.63358181714603,
              41.35104108888127
            ],
            [
              26.633572910259144,
              41.35103660560402
            ],
            [
              26.62663011015562,
              41.34643038296942
            ],
            [
              26.620119872009788,
              41.343942165177836
            ],
            [
              26.61331972241465,
              41.34133807038271
            ],
            [
              26.610621937976187,
              41.33927795738583
            ],
            [
              26.607531813853754,
              41.33691016438895
            ],
            [
              26.605587631587994,
              41.33542977241599
            ],
            [
              26.60276945107545,
              41.33328940885606
            ],
            [
              26.59641968890699,
              41.330511380970364
            ],
            [
              26.595728526218846,
              41.33020818863435
            ],
            [
              26.59220141325243,
              41.328669778317014
            ],
            [
              26.587715529157535,
              41.328754525270966
            ],
            [
              26.582801661171324,
              41.32884811023552
            ],
            [
              26.57213100647578,
              41.33567052915762
            ],
            [
              26.56686924334046,
              41.34230121742253
            ],
            [
              26.566209309566613,
              41.34313506963276
            ],
            [
              26.565999710674514,
              41.34339815715548
            ],
            [
              26.56417144943565,
              41.34570798962519
            ],
            [
              26.560622070124573,
              41.346738030272455
            ],
            [
              26.558584250336587,
              41.347331136025744
            ],
            [
              26.55717073453558,
              41.34774135382359
            ],
            [
              26.544239352173413,
              41.34544933657513
            ],
            [
              26.54225944006636,
              41.345101577438854
            ],
            [
              26.53990949865028,
              41.34469132467834
            ],
            [
              26.537144873353817,
              41.3452398042767
            ],
            [
              26.528984733113194,
              41.34685841679585
            ],
            [
              26.528668168581852,
              41.34692088976343
            ],
            [
              26.52677300277834,
              41.344517442191545
            ],
            [
              26.521769888378994,
              41.33818997114123
            ],
            [
              26.518688647643938,
              41.33768610951765
            ],
            [
              26.51602215445814,
              41.33724910122349
            ],
            [
              26.507549806107345,
              41.3353807109569
            ],
            [
              26.505110662939057,
              41.33317790549192
            ],
            [
              26.50401377830484,
              41.332187968552425
            ],
            [
              26.503269046044476,
              41.3315191676966
            ],
            [
              26.503099628798648,
              41.33136752526868
            ],
            [
              26.502890062555124,
              41.33118022543506
            ],
            [
              26.502738468986095,
              41.33104200764259
            ],
            [
              26.502439692534903,
              41.33077004322937
            ],
            [
              26.498439885912457,
              41.322632127493634
            ],
            [
              26.49589820130526,
              41.31746848179911
            ],
            [
              26.47238085582366,
              41.3047600856527
            ],
            [
              26.4692729407646,
              41.2961272523868
            ],
            [
              26.469121325310677,
              41.29569919096948
            ],
            [
              26.469103498784097,
              41.29565011721984
            ],
            [
              26.468251785374076,
              41.29329124957469
            ],
            [
              26.467970881327748,
              41.29315746625211
            ],
            [
              26.46769880022769,
              41.29302821470873
            ],
            [
              26.459810651581662,
              41.28934945494503
            ],
            [
              26.45454894694538,
              41.28843086704423
            ],
            [
              26.452462113828176,
              41.28806077252132
            ],
            [
              26.44498863730695,
              41.28674976564791
            ],
            [
              26.436329026019862,
              41.28064080467407
            ],
            [
              26.432641361645032,
              41.278041178021745
            ],
            [
              26.43238724897927,
              41.27786279810481
            ],
            [
              26.430010534888098,
              41.27619060854304
            ],
            [
              26.426875764152694,
              41.273970019416055
            ],
            [
              26.422438999977743,
              41.27083078725954
            ],
            [
              26.41976348368963,
              41.26784764888383
            ],
            [
              26.4174492290438,
              41.265270308207974
            ],
            [
              26.41610257616986,
              41.26375415378168
            ],
            [
              26.415848445683938,
              41.263468820619856
            ],
            [
              26.414983391385736,
              41.26317451058023
            ],
            [
              26.413980010884398,
              41.26283114454288
            ],
            [
              26.412459532798415,
              41.26230052588193
            ],
            [
              26.409409451655648,
              41.26123926605345
            ],
            [
              26.40781752944408,
              41.26069523809516
            ],
            [
              26.40742074046757,
              41.260561449753176
            ],
            [
              26.40722450708966,
              41.26049012781134
            ],
            [
              26.40710860414157,
              41.26044998356888
            ],
            [
              26.404210201476516,
              41.26036082280382
            ],
            [
              26.397989737152955,
              41.260160155330624
            ],
            [
              26.391680127855107,
              41.25995949345701
            ],
            [
              26.38969135799068,
              41.25990153608947
            ],
            [
              26.362901056552293,
              41.25904090481538
            ],
            [
              26.35861586392565,
              41.260084340414956
            ],
            [
              26.358348340839328,
              41.26015119919396
            ],
            [
              26.351516942887685,
              41.26490020130243
            ],
            [
              26.348881614162945,
              41.26672843920239
            ],
            [
              26.347677708959093,
              41.2670093219664
            ],
            [
              26.343111551884014,
              41.26807060316914
            ],
            [
              26.341376947905502,
              41.26692908086969
            ],
            [
              26.340150754769315,
              41.26612196153882
            ],
            [
              26.339896543213154,
              41.265952541882314
            ],
            [
              26.33941045970064,
              41.2656403814324
            ],
            [
              26.334969271946015,
              41.26284896258578
            ],
            [
              26.332432044104994,
              41.261261519134116
            ],
            [
              26.328829071504266,
              41.255652006496646
            ],
            [
              26.327749925890394,
              41.252031184002995
            ],
            [
              26.326929505329865,
              41.2492888819245
            ],
            [
              26.3262740317051,
              41.24592671009708
            ],
            [
              26.325689815459615,
              41.24293910308528
            ],
            [
              26.326983016979078,
              41.23711553625486
            ],
            [
              26.32714796611249,
              41.23637085662274
            ],
            [
              26.328062075945617,
              41.23541215684704
            ],
            [
              26.329890285193688,
              41.2334992160133
            ],
            [
              26.333640439927652,
              41.22958855042829
            ],
            [
              26.33416662261229,
              41.22837118824739
            ],
            [
              26.335049536731933,
              41.226311104920875
            ],
            [
              26.33530366333518,
              41.225058138057555
            ],
            [
              26.33550878411596,
              41.22403249460055
            ],
            [
              26.33550878411596,
              41.22402805935625
            ],
            [
              26.326158089441932,
              41.21782991020689
            ],
            [
              26.32351824827576,
              41.21118138045979
            ],
            [
              26.32355392321533,
              41.21107438489769
            ],
            [
              26.323611940024957,
              41.21090938773293
            ],
            [
              26.3243120144319,
              41.20904100279286
            ],
            [
              26.328521336676005,
              41.19771046290992
            ],
            [
              26.315010345094564,
              41.18960827595442
            ],
            [
              26.311768563855082,
              41.182491527995786
            ],
            [
              26.31176856385508,
              41.18248708896749
            ],
            [
              26.314528715897136,
              41.17391218987942
            ],
            [
              26.31617855767426,
              41.16877981910775
            ],
            [
              26.316731535482145,
              41.16805298408906
            ],
            [
              26.31893874935765,
              41.165141195584944
            ],
            [
              26.33690895172405,
              41.15403799856192
            ],
            [
              26.337064975814744,
              41.153065900306075
            ],
            [
              26.337100648745036,
              41.15283848138906
            ],
            [
              26.337230008114457,
              41.15196451405972
            ],
            [
              26.33756890050537,
              41.1496992786806
            ],
            [
              26.33662356790564,
              41.14902154274808
            ],
            [
              26.33486225218976,
              41.14775067092035
            ],
            [
              26.329029693500317,
              41.143576938411464
            ],
            [
              26.324691014101408,
              41.14046893867671
            ],
            [
              26.324989745058264,
              41.13968864248992
            ],
            [
              26.325939537673577,
              41.137195991755476
            ],
            [
              26.326871489319636,
              41.134747961162354
            ],
            [
              26.326242771442285,
              41.13396310229219
            ],
            [
              26.324490388488996,
              41.13176033780681
            ],
            [
              26.317779379004488,
              41.12823767762356
            ],
            [
              26.31698126697985,
              41.12781845818342
            ],
            [
              26.310738442557923,
              41.119319447336146
            ],
            [
              26.31162585709135,
              41.11822251032628
            ],
            [
              26.313512030082414,
              41.115899298546424
            ],
            [
              26.31492556905601,
              41.11503867935227
            ],
            [
              26.316851896726877,
              41.113861505366216
            ],
            [
              26.327049861480415,
              41.1205680123894
            ],
            [
              26.33398825572962,
              41.12129927950769
            ],
            [
              26.336034962709316,
              41.11769635306274
            ],
            [
              26.338001388478702,
              41.114231609071936
            ],
            [
              26.337622409786533,
              41.11356274732062
            ],
            [
              26.333569093034257,
              41.10641923132348
            ],
            [
              26.327464531199862,
              41.10171938154264
            ],
            [
              26.32159197387134,
              41.09718889280511
            ],
            [
              26.319580909665593,
              41.09419684298398
            ],
            [
              26.318038028355694,
              41.09190040192462
            ],
            [
              26.317859649522482,
              41.081599941628646
            ],
            [
              26.318871902605522,
              41.07983409803899
            ],
            [
              26.33236069685294,
              41.056290005594654
            ],
            [
              26.33179883650314,
              41.05212968646817
            ],
            [
              26.331531283494137,
              41.05010969913202
            ],
            [
              26.331776495387853,
              41.04964152796326
            ],
            [
              26.333069664187544,
              41.047148910911446
            ],
            [
              26.333074078335937,
              41.04714890526227
            ],
            [
              26.336971379389137,
              41.04758141413045
            ],
            [
              26.343918675342103,
              41.04834838430462
            ],
            [
              26.345737936067387,
              41.04609211073598
            ],
            [
              26.347031119739494,
              41.04448235728156
            ],
            [
              26.35066976028812,
              41.03993848349573
            ],
            [
              26.359748465083037,
              41.03724967773729
            ],
            [
              26.360551118817632,
              41.036710126256814
            ],
            [
              26.362789545597977,
              41.03519847733675
            ],
            [
              26.365563162463552,
              41.030636863100156
            ],
            [
              26.366544139431856,
              41.02902262121958
            ],
            [
              26.368327739966933,
              41.02608856440877
            ],
            [
              26.358330505956268,
              41.00360128177168
            ],
            [
              26.349394431803866,
              41.00013210994236
            ],
            [
              26.34632210355947,
              40.99894154129813
            ],
            [
              26.342072556595053,
              41.00034618937214
            ],
            [
              26.340882039381682,
              41.00073858964568
            ],
            [
              26.340877535295064,
              41.00073854484118
            ],
            [
              26.339914379468617,
              41.0004576119472
            ],
            [
              26.338469638482664,
              41.00003848332884
            ],
            [
              26.330082077898314,
              40.99586921158778
            ],
            [
              26.329943796184434,
              40.99557048643755
            ],
            [
              26.32832071425606,
              40.99195861792586
            ],
            [
              26.330791051951387,
              40.987169543356835
            ],
            [
              26.348150353945535,
              40.97318130646487
            ],
            [
              26.357269237944166,
              40.96582828236728
            ],
            [
              26.359739547693895,
              40.96081175158246
            ],
            [
              26.357710697905794,
              40.953931360667255
            ],
            [
              26.352863601243953,
              40.9523484205996
            ],
            [
              26.35201191953181,
              40.95207194864268
            ],
            [
              26.34674124398388,
              40.9520362458741
            ],
            [
              26.340150754769315,
              40.95199163192825
            ],
            [
              26.334229050989954,
              40.95195153142201
            ],
            [
              26.32671987287904,
              40.949837941853666
            ],
            [
              26.31538935938938,
              40.94016169223551
            ],
            [
              26.309681649220355,
              40.93852070584172
            ],
            [
              26.30446896873062,
              40.93906025970026
            ],
            [
              26.29519852034391,
              40.9400189985116
            ],
            [
              26.294730276432134,
              40.93991644329958
            ],
            [
              26.29155093311048,
              40.93922970498444
            ],
            [
              26.29013743776015,
              40.9380569516308
            ],
            [
              26.289018204530294,
              40.93712952290454
            ],
            [
              26.288987029549155,
              40.93497576520863
            ],
            [
              26.288951349508025,
              40.932607928184645
            ],
            [
              26.290146357727316,
              40.928710686971634
            ],
            [
              26.290431706402792,
              40.92777879775038
            ],
            [
              26.290993572911336,
              40.92723476348935
            ],
            [
              26.291840785135793,
              40.9264187014845
            ],
            [
              26.293762701626505,
              40.92432741181287
            ],
            [
              26.295671178183436,
              40.92224947468099
            ],
            [
              26.29643818655052,
              40.91844582938227
            ],
            [
              26.29687957790711,
              40.916260915674954
            ],
            [
              26.29708914616918,
              40.91584172119698
            ],
            [
              26.29745926886494,
              40.915110481470826
            ],
            [
              26.298672164543095,
              40.91511493936981
            ],
            [
              26.299260770841503,
              40.9151193676635
            ],
            [
              26.300660878649047,
              40.91440146960539
            ],
            [
              26.301427871210624,
              40.91019649191377
            ],
            [
              26.30142787121062,
              40.910192031706025
            ],
            [
              26.299100217420943,
              40.90701719905327
            ],
            [
              26.29777145808946,
              40.905211246682676
            ],
            [
              26.295301052755693,
              40.90349896592218
            ],
            [
              26.293232015974237,
              40.90306193164945
            ],
            [
              26.290231052348688,
              40.899762250721515
            ],
            [
              26.29006607801103,
              40.89971314264444
            ],
            [
              26.2867797225827,
              40.89878121235555
            ],
            [
              26.285535682091247,
              40.8988748245799
            ],
            [
              26.283310593412274,
              40.8990487385744
            ],
            [
              26.273892913152395,
              40.90621011550948
            ],
            [
              26.27359862447995,
              40.906428585639944
            ],
            [
              26.271172846890238,
              40.909942341415096
            ],
            [
              26.26774827928523,
              40.91490088525189
            ],
            [
              26.265871031739504,
              40.919087975324295
            ],
            [
              26.264814223229454,
              40.92149142767622
            ],
            [
              26.264711677958033,
              40.92173221817877
            ],
            [
              26.255851441607415,
              40.908617982945856
            ],
            [
              26.255824677935102,
              40.90838165607208
            ],
            [
              26.254228314199057,
              40.89442025142684
            ],
            [
              26.24976024259683,
              40.89141922505601
            ],
            [
              26.240431837137038,
              40.89066117554316
            ],
            [
              26.236200170645105,
              40.891998928888654
            ],
            [
              26.234612691105042,
              40.894224030413085
            ],
            [
              26.23343994132325,
              40.89586944707932
            ],
            [
              26.23030963717961,
              40.8972383718291
            ],
            [
              26.228289707365068,
              40.898121244971335
            ],
            [
              26.226238487835914,
              40.89519164292134
            ],
            [
              26.22297001982167,
              40.89053190809553
            ],
            [
              26.22596207658487,
              40.88571606176308
            ],
            [
              26.228209407309084,
              40.88209976216941
            ],
            [
              26.22758962698204,
              40.88078430435178
            ],
            [
              26.226158277234255,
              40.87773872967318
            ],
            [
              26.214760805971245,
              40.87467976305596
            ],
            [
              26.210444426201057,
              40.871852729528726
            ],
            [
              26.20910220606049,
              40.870969771251254
            ],
            [
              26.210016308160508,
              40.87029199723621
            ],
            [
              26.21639726295523,
              40.86553862707537
            ],
            [
              26.21029724380901,
              40.861944590032515
            ],
            [
              26.20655158913392,
              40.859741825560924
            ],
            [
              26.206582774616056,
              40.85971060232729
            ],
            [
              26.210818916214834,
              40.85588020026914
            ],
            [
              26.219532070232862,
              40.85708859992581
            ],
            [
              26.22317063900115,
              40.85460046384622
            ],
            [
              26.22288530188005,
              40.854150103064796
            ],
            [
              26.22165905147185,
              40.852201435220046
            ],
            [
              26.218898839133537,
              40.84779141786459
            ],
            [
              26.216111917985785,
              40.84334123704043
            ],
            [
              26.216107411587533,
              40.8433412540646
            ],
            [
              26.21159033681277,
              40.8439877857748
            ],
            [
              26.207438931733492,
              40.83938155374093
            ],
            [
              26.206819099153307,
              40.83918983434287
            ],
            [
              26.194561020446706,
              40.83539061909634
            ],
            [
              26.18713218455924,
              40.82892050593505
            ],
            [
              26.179525007002386,
              40.82458177177429
            ],
            [
              26.16934036472044,
              40.81877161111649
            ],
            [
              26.16579989529479,
              40.8221292782362
            ],
            [
              26.165572456162497,
              40.82234779186692
            ],
            [
              26.16556794884506,
              40.82235220396413
            ],
            [
              26.16081908405226,
              40.82299431162803
            ],
            [
              26.159249420972877,
              40.82320837994372
            ],
            [
              26.15896410038275,
              40.819484985083555
            ],
            [
              26.158741072307233,
              40.816568766563236
            ],
            [
              26.157211602778084,
              40.81379074638116
            ],
            [
              26.15494199191696,
              40.809670544839044
            ],
            [
              26.147178677890217,
              40.79845593455247
            ],
            [
              26.139651691611725,
              40.787580171834456
            ],
            [
              26.135518108841488,
              40.78160047048586
            ],
            [
              26.13551810884149,
              40.78159606862798
            ],
            [
              26.135304075589445,
              40.78079339298191
            ],
            [
              26.133065641066533,
              40.772468244142836
            ],
            [
              26.13182154680502,
              40.767839698094406
            ],
            [
              26.131995462519697,
              40.76680516471223
            ],
            [
              26.132071195608177,
              40.76636821046128
            ],
            [
              26.132820320844072,
              40.76190022876195
            ],
            [
              26.125119524185884,
              40.75451148425729
            ],
            [
              26.117195697066848,
              40.75093078019517
            ],
            [
              26.10846922681199,
              40.7469889296617
            ],
            [
              26.100358134719894,
              40.74331910217081
            ],
            [
              26.09362488747687,
              40.74182527962679
            ],
            [
              26.090392013931503,
              40.74111188461047
            ],
            [
              26.08419829299653,
              40.73973845771178
            ],
            [
              26.06411008750067,
              40.737499988219675
            ],
            [
              26.05935669568351,
              40.73836060879504
            ],
            [
              26.056721315327824,
              40.738842212467006
            ],
            [
              26.044886839871225,
              40.742712664733574
            ],
            [
              26.04433839726002,
              40.74289107408265
            ],
            [
              26.041150173644606,
              40.7455308397067
            ],
            [
              26.038296341633288,
              40.73658143638738
            ],
            [
              26.040472389165647,
              40.73225162420656
            ],
            [
              26.056877425982698,
              40.72073374981188
            ],
            [
              26.056649978769165,
              40.71638615154566
            ],
            [
              26.06360614631383,
              40.69494232687532
            ],
            [
              26.069514496446246,
              40.682180378658
            ],
            [
              26.07027255464577,
              40.672579927833326
            ],
            [
              26.06798502644386,
              40.647163053903604
            ],
            [
              26.07236834024602,
              40.63576110896883
            ],
            [
              26.080332258141713,
              40.62530903343617
            ],
            [
              26.09910955073081,
              40.61334968820087
            ],
            [
              26.108210537897268,
              40.60921168564114
            ],
            [
              26.11933157731099,
              40.60414613998397
            ],
            [
              26.142474270365756,
              40.599994712563706
            ],
            [
              26.158692031345538,
              40.59761355580455
            ],
            [
              26.168564485631787,
              40.59860793383954
            ],
            [
              26.17959630875457,
              40.602585460025814
            ],
            [
              26.196937800674704,
              40.605238620025276
            ],
            [
              26.233801148492574,
              40.605523960556816
            ],
            [
              26.247294396605618,
              40.604939815039174
            ],
            [
              26.257808966498928,
              40.602728131334025
            ],
            [
              26.267137429764897,
              40.60004823122908
            ],
            [
              26.306997301284547,
              40.59987428777315
            ],
            [
              26.33572732718817,
              40.603040234044805
            ],
            [
              26.343793823609765,
              40.60491756686909
            ],
            [
              26.345613085282295,
              40.6061705421332
            ],
            [
              26.354201334428822,
              40.61207883002548
            ],
            [
              26.360172085721228,
              40.61417910985637
            ],
            [
              26.381446458594482,
              40.61453583205467
            ],
            [
              26.392549590255438,
              40.613233796914685
            ],
            [
              26.41330676557521,
              40.606496028339436
            ],
            [
              26.415295517318043,
              40.60684387882804
            ],
            [
              26.416000005464465,
              40.606968762461534
            ],
            [
              26.425885851586955,
              40.60702669986661
            ],
            [
              26.433947939447503,
              40.61004107454649
            ],
            [
              26.447922735224772,
              40.62087218111622
            ],
            [
              26.460479532103726,
              40.6243726020495
            ],
            [
              26.47097185542375,
              40.62397572201635
            ],
            [
              26.4796938364205,
              40.62127352455734
            ],
            [
              26.486306634036378,
              40.619703951080105
            ],
            [
              26.50109748927068,
              40.60834662282609
            ],
            [
              26.51373459693396,
              40.602915415910026
            ],
            [
              26.527508748404934,
              40.60435568454688
            ],
            [
              26.53505356115483,
              40.598211021832846
            ],
            [
              26.54073889777079,
              40.59961121411706
            ],
            [
              26.54456480568398,
              40.607410210051405
            ],
            [
              26.562753468236522,
              40.61847322637469
            ],
            [
              26.57203732388701,
              40.619431887369466
            ],
            [
              26.579492934087796,
              40.62403820837027
            ],
            [
              26.59109558546428,
              40.63552478789512
            ],
            [
              26.602773950114308,
              40.63763399103176
            ],
            [
              26.608334424165644,
              40.64146433658295
            ],
            [
              26.61112581236644,
              40.643386238317966
            ],
            [
              26.62731236162674,
              40.64390349381913
            ],
            [
              26.63298883363775,
              40.646676983207016
            ],
            [
              26.643779792327432,
              40.64762681279904
            ],
            [
              26.681289789604644,
              40.643876716722296
            ],
            [
              26.689374122895686,
              40.64573173302276
            ],
            [
              26.706180483275794,
              40.64303837217615
            ],
            [
              26.711874747426847,
              40.64374738590386
            ],
            [
              26.72144394530135,
              40.64880847565645
            ],
            [
              26.728948661603635,
              40.647457396909225
            ],
            [
              26.736417602835704,
              40.65250950515356
            ],
            [
              26.74362353366471,
              40.650239879594224
            ],
            [
              26.748724790121617,
              40.65048506139419
            ],
            [
              26.76162051885718,
              40.65778465673725
            ],
            [
              26.770253277779382,
              40.66266739987395
            ],
            [
              26.771546409128764,
              40.662876933341344
            ],
            [
              26.765312658442934,
              40.6739399678641
            ],
            [
              26.76286901241152,
              40.67827424970915
            ],
            [
              26.761598219448185,
              40.6824167372196
            ],
            [
              26.760590427674945,
              40.68482909206969
            ],
            [
              26.759729826682584,
              40.68690257192372
            ],
            [
              26.759471223116194,
              40.689194574608294
            ],
            [
              26.759538121981638,
              40.692632525421224
            ],
            [
              26.76079112319194,
              40.695249988321265
            ],
            [
              26.762490014215345,
              40.69775604003908
            ],
            [
              26.7638856954571,
              40.69980719412971
            ],
            [
              26.766182139234658,
              40.702076907118155
            ],
            [
              26.769687002182224,
              40.70456059919375
            ],
            [
              26.77334789692865,
              40.70738770720885
            ],
            [
              26.776705641633704,
              40.71010773983464
            ],
            [
              26.779296406254993,
              40.7117977186771
            ],
            [
              26.78248458273872,
              40.71359925361473
            ],
            [
              26.784616031822523,
              40.71495032326131
            ],
            [
              26.787358375357403,
              40.716644764748104
            ],
            [
              26.789788623021977,
              40.717991443787454
            ],
            [
              26.791862102595463,
              40.720113951659954
            ],
            [
              26.79699901136659,
              40.72536675245128
            ],
            [
              26.80027197699738,
              40.73128848715082
            ]
          ]
        ]
      },
      "id": "000000000000000002f3",
      "properties": {
        "ADM0_CODE": 249,
        "ADM0_NAME": "Turkey",
        "ADM1_CODE": 3043,
        "ADM1_NAME": "Edirne",
        "DISP_AREA": "NO",
        "EXP1_YEAR": 3000,
        "STATUS": "Member State",
        "STR1_YEAR": 1000,
        "Shape_Area": 0.666319926964,
        "Shape_Leng": 5.60917027967
      }
    },
    {
      "type": "Feature",
      "geometry": {
        "type": "GeometryCollection",
        "geometries": [
          {
            "type": "LineString",
            "coordinates": [
              [
                27.67479979136752,
                41.96948718873373
              ],
              [
                27.674799791367523,
                41.96949164783479
              ]
            ]
          },
          {
            "type": "Polygon",
            "coordinates": [
              [
                [
                  26.953673988015538,
                  41.32443807583696
                ],
                [
                  26.9547441263845,
                  41.32633320108525
                ],
                [
                  26.956157703353586,
                  41.32849137968939
                ],
                [
                  26.957878867725515,
                  41.330988548177125
                ],
                [
                  26.959448466921227,
                  41.333374114060206
                ],
                [
                  26.96101814435062,
                  41.335648278150764
                ],
                [
                  26.963033653161443,
                  41.33768608057417
                ],
                [
                  26.964901997282354,
                  41.33995578230188
                ],
                [
                  26.96694873060668,
                  41.3432510296851
                ],
                [
                  26.968353333041087,
                  41.34506589551502
                ],
                [
                  26.96991845307341,
                  41.3471081754962
                ],
                [
                  26.972081107807043,
                  41.34891407711987
                ],
                [
                  26.97503306220066,
                  41.35197306524195
                ],
                [
                  26.97781107043116,
                  41.35413124424625
                ],
                [
                  26.981061794999736,
                  41.3571678865223
                ],
                [
                  26.983219934489252,
                  41.35863493641696
                ],
                [
                  26.9859890325063,
                  41.36031605588064
                ],
                [
                  26.999023012944846,
                  41.36634916352876
                ],
                [
                  27.002215748735367,
                  41.36654092435513
                ],
                [
                  27.00241639898237,
                  41.36249207587783
                ],
                [
                  27.0153432967665,
                  41.35786353566232
                ],
                [
                  27.02776190811744,
                  41.35426056669095
                ],
                [
                  27.034584336970543,
                  41.351732247524
                ],
                [
                  27.041607425792535,
                  41.34912810740668
                ],
                [
                  27.050503340997658,
                  41.34654633376442
                ],
                [
                  27.060754823741366,
                  41.34432569879836
                ],
                [
                  27.063011093361418,
                  41.34394664984559
                ],
                [
                  27.06862068359067,
                  41.34301473129229
                ],
                [
                  27.07068526206956,
                  41.34267134746001
                ],
                [
                  27.085511752374924,
                  41.33995127133466
                ],
                [
                  27.097591414252395,
                  41.337418514065625
                ],
                [
                  27.111200591632187,
                  41.334796589503675
                ],
                [
                  27.11885242015935,
                  41.3328658233278
                ],
                [
                  27.12932690372699,
                  41.33016801027864
                ],
                [
                  27.13508800612426,
                  41.32868759138329
                ],
                [
                  27.14490699119329,
                  41.325535004920894
                ],
                [
                  27.1565451944903,
                  41.32252961005454
                ],
                [
                  27.16448243439578,
                  41.32129442282478
                ],
                [
                  27.174800771723845,
                  41.32157531792695
                ],
                [
                  27.178742647327272,
                  41.32228434168765
                ],
                [
                  27.18251053359512,
                  41.322962168075385
                ],
                [
                  27.189078839131525,
                  41.326730034398416
                ],
                [
                  27.19755553923253,
                  41.32778687355768
                ],
                [
                  27.20736560091308,
                  41.3298870765802
                ],
                [
                  27.21353696890134,
                  41.33012790919105
                ],
                [
                  27.21738074437649,
                  41.330275034813454
                ],
                [
                  27.231302066063087,
                  41.33222365784854
                ],
                [
                  27.247265671428746,
                  41.331791154746526
                ],
                [
                  27.26868267349362,
                  41.32664981510324
                ],
                [
                  27.286091045853542,
                  41.324268607478466
                ],
                [
                  27.294755067201507,
                  41.32255186795582
                ],
                [
                  27.30134563912046,
                  41.32121417827155
                ],
                [
                  27.3135724732796,
                  41.31317441177651
                ],
                [
                  27.32326657639367,
                  41.30337771787699
                ],
                [
                  27.32590186241036,
                  41.294874230845615
                ],
                [
                  27.33012468588171,
                  41.28621914399828
                ],
                [
                  27.336104332300984,
                  41.27865202856213
                ],
                [
                  27.345597740358233,
                  41.27582494484834
                ],
                [
                  27.35205455463289,
                  41.27283733477284
                ],
                [
                  27.35432417646271,
                  41.26939941757532
                ],
                [
                  27.356304078134485,
                  41.265979263863485
                ],
                [
                  27.36033061802494,
                  41.25901417742388
                ],
                [
                  27.364870004266653,
                  41.24833461413171
                ],
                [
                  27.371460490920672,
                  41.24042864861667
                ],
                [
                  27.37913463515639,
                  41.23723144667763
                ],
                [
                  27.389118581081668,
                  41.232692092466664
                ],
                [
                  27.392886544485147,
                  41.231073401627135
                ],
                [
                  27.395067039225975,
                  41.230141467247144
                ],
                [
                  27.403548184126922,
                  41.22650283809063
                ],
                [
                  27.424278615898555,
                  41.222806248729185
                ],
                [
                  27.429593865440214,
                  41.22242721800252
                ],
                [
                  27.445610889828142,
                  41.22471919844701
                ],
                [
                  27.449998640446594,
                  41.22500463578245
                ],
                [
                  27.45227277554214,
                  41.2251562374357
                ],
                [
                  27.456642721783837,
                  41.22552186869561
                ],
                [
                  27.465440566638677,
                  41.22626202111924
                ],
                [
                  27.479950457732212,
                  41.228299875118736
                ],
                [
                  27.482541168169213,
                  41.22873241215496
                ],
                [
                  27.494906263162388,
                  41.23079248085641
                ],
                [
                  27.503797696799346,
                  41.23309341051469
                ],
                [
                  27.515105997423788,
                  41.235764424850245
                ],
                [
                  27.52377898934829,
                  41.241315968308285
                ],
                [
                  27.52715448098196,
                  41.24442841419492
                ],
                [
                  27.53266147540917,
                  41.24949842221447
                ],
                [
                  27.541218480227798,
                  41.25933077621861
                ],
                [
                  27.543011061914903,
                  41.261618304719676
                ],
                [
                  27.55180890846011,
                  41.27285075723223
                ],
                [
                  27.55687442860842,
                  41.28286589594656
                ],
                [
                  27.55864912925975,
                  41.286174523273374
                ],
                [
                  27.561516345730453,
                  41.291507591687484
                ],
                [
                  27.563406990446452,
                  41.29484752570424
                ],
                [
                  27.56481163894766,
                  41.29756753225941
                ],
                [
                  27.56993064123951,
                  41.30751135354471
                ],
                [
                  27.573248179328687,
                  41.31679968843466
                ],
                [
                  27.575754251700896,
                  41.32382273396896
                ],
                [
                  27.576035199865515,
                  41.327394470497346
                ],
                [
                  27.5765658387976,
                  41.33412322016493
                ],
                [
                  27.5777117451706,
                  41.34933773230876
                ],
                [
                  27.57824237943247,
                  41.35409560498245
                ],
                [
                  27.579455264987544,
                  41.365020405483634
                ],
                [
                  27.582532088934737,
                  41.37310469398448
                ],
                [
                  27.583740469368838,
                  41.376279602881446
                ],
                [
                  27.596221543088014,
                  41.388221091777076
                ],
                [
                  27.600430880611057,
                  41.392078210904465
                ],
                [
                  27.60266490966649,
                  41.39412491913567
                ],
                [
                  27.607226552654776,
                  41.39830757743243
                ],
                [
                  27.618120162851554,
                  41.406913638596365
                ],
                [
                  27.62116126098453,
                  41.40903615602736
                ],
                [
                  27.63113626382467,
                  41.4159968447432
                ],
                [
                  27.641780144460466,
                  41.42252940774547
                ],
                [
                  27.64632401254892,
                  41.424834773160256
                ],
                [
                  27.65891643751762,
                  41.43121124310635
                ],
                [
                  27.666719931871402,
                  41.43576396427744
                ],
                [
                  27.679330234171186,
                  41.443121523040226
                ],
                [
                  27.6926807828516,
                  41.451406536195364
                ],
                [
                  27.70896990637749,
                  41.45800602693895
                ],
                [
                  27.721486614494502,
                  41.46307602339498
                ],
                [
                  27.743741957546536,
                  41.468261913274745
                ],
                [
                  27.75982592183485,
                  41.47050483984972
                ],
                [
                  27.77308283516258,
                  41.46986720496947
                ],
                [
                  27.78313810730987,
                  41.46930088865306
                ],
                [
                  27.788926018588768,
                  41.46925185777229
                ],
                [
                  27.810891567661166,
                  41.47418807180788
                ],
                [
                  27.828411329679202,
                  41.480564621205644
                ],
                [
                  27.850809366386493,
                  41.48698569394496
                ],
                [
                  27.874893045596345,
                  41.49296532851127
                ],
                [
                  27.899262022140878,
                  41.50031842541034
                ],
                [
                  27.92103587009028,
                  41.5081976538815
                ],
                [
                  27.928576164776977,
                  41.51182736685994
                ],
                [
                  27.938997044518285,
                  41.51639346600886
                ],
                [
                  27.960761943779502,
                  41.5250664557089
                ],
                [
                  27.970585320456713,
                  41.529061781755665
                ],
                [
                  27.985652638983144,
                  41.53789082684774
                ],
                [
                  27.998949729438785,
                  41.543852634072444
                ],
                [
                  28.01273278422853,
                  41.54844545525268
                ],
                [
                  28.033534510741234,
                  41.55253002193501
                ],
                [
                  28.050621750882073,
                  41.55132605222927
                ],
                [
                  28.063174156477217,
                  41.54790148683933
                ],
                [
                  28.071584004910747,
                  41.54638092013712
                ],
                [
                  28.07938294445666,
                  41.544744446481765
                ],
                [
                  28.095440178036704,
                  41.54133766781046
                ],
                [
                  28.109236572765333,
                  41.5363256415066
                ],
                [
                  28.12972621820444,
                  41.53159900305113
                ],
                [
                  28.14383030778557,
                  41.52623914868306
                ],
                [
                  28.15661462779076,
                  41.52692142269065
                ],
                [
                  28.16924274873388,
                  41.52794251019968
                ],
                [
                  28.180221044594894,
                  41.527238005332
                ],
                [
                  28.19386592166757,
                  41.52636847422087
                ],
                [
                  28.196077618905967,
                  41.52622576948195
                ],
                [
                  28.212371160879666,
                  41.52658696818845
                ],
                [
                  28.239183739595475,
                  41.52563272488725
                ],
                [
                  28.2375607096846,
                  41.52639971050905
                ],
                [
                  28.238247380849856,
                  41.53073838407723
                ],
                [
                  28.23584387897578,
                  41.53236594029139
                ],
                [
                  28.22397824410286,
                  41.53203602075572
                ],
                [
                  28.223501122526983,
                  41.539366769199255
                ],
                [
                  28.211162813299,
                  41.54870857673023
                ],
                [
                  28.209396948172444,
                  41.55005079886668
                ],
                [
                  28.203131917565656,
                  41.556984652235
                ],
                [
                  28.19786574591927,
                  41.55871481428609
                ],
                [
                  28.19738410007192,
                  41.55887532824565
                ],
                [
                  28.195007428009724,
                  41.5623355912223
                ],
                [
                  28.18955398118946,
                  41.563539572472614
                ],
                [
                  28.18936223199889,
                  41.56995171721329
                ],
                [
                  28.18637910350907,
                  41.57341198393634
                ],
                [
                  28.18826078227594,
                  41.57636836370763
                ],
                [
                  28.186468289946728,
                  41.57845076149377
                ],
                [
                  28.171681870174535,
                  41.58592870202145
                ],
                [
                  28.15410410028709,
                  41.5904591569803
                ],
                [
                  28.149310609957215,
                  41.595083241789915
                ],
                [
                  28.14860152164766,
                  41.60722534892302
                ],
                [
                  28.11996078645752,
                  41.62445089644188
                ],
                [
                  28.11065462309529,
                  41.63301234343526
                ],
                [
                  28.099319572504417,
                  41.64777196025741
                ],
                [
                  28.093215032750717,
                  41.66614792082227
                ],
                [
                  28.094481430333342,
                  41.668885784666585
                ],
                [
                  28.110137415783804,
                  41.675601231581126
                ],
                [
                  28.105339380804015,
                  41.68045271425201
                ],
                [
                  28.103939227561522,
                  41.688024282362974
                ],
                [
                  28.098481296975955,
                  41.689906036345434
                ],
                [
                  28.09646580105965,
                  41.69725460358172
                ],
                [
                  28.093438059555158,
                  41.6986592274474
                ],
                [
                  28.087939922840892,
                  41.698021554416144
                ],
                [
                  28.07916001298482,
                  41.70222649537952
                ],
                [
                  28.07166868685358,
                  41.710538297024314
                ],
                [
                  28.068177245690812,
                  41.71887229993425
                ],
                [
                  28.06637575012992,
                  41.72317983520615
                ],
                [
                  28.05244996885163,
                  41.73017615633669
                ],
                [
                  28.048918322459826,
                  41.73867965262833
                ],
                [
                  28.04470895996987,
                  41.7428399875405
                ],
                [
                  28.050296174656363,
                  41.748739390867684
                ],
                [
                  28.048913923317528,
                  41.75813918036775
                ],
                [
                  28.044998842817062,
                  41.76138091397579
                ],
                [
                  28.046595217825825,
                  41.7659470701364
                ],
                [
                  28.04419171571258,
                  41.768484282803975
                ],
                [
                  28.03296822793091,
                  41.77339377577378
                ],
                [
                  28.017298878361434,
                  41.78727497067473
                ],
                [
                  28.00321257192967,
                  41.80571330086149
                ],
                [
                  27.988609067048312,
                  41.83079576069883
                ],
                [
                  27.9837842186777,
                  41.85648017452262
                ],
                [
                  27.988047173785382,
                  41.87613590911161
                ],
                [
                  27.997397857661912,
                  41.887961434081824
                ],
                [
                  28.008545662509203,
                  41.89702230763813
                ],
                [
                  28.017169615533025,
                  41.90061192783558
                ],
                [
                  28.031518976860458,
                  41.89864992669572
                ],
                [
                  28.04160996689397,
                  41.89366018508033
                ],
                [
                  28.049435641118045,
                  41.88978970524376
                ],
                [
                  28.05584336813996,
                  41.88859016831096
                ],
                [
                  28.062309003917672,
                  41.89127901230082
                ],
                [
                  28.063290096434166,
                  41.895390324094876
                ],
                [
                  28.053448851268364,
                  41.91173736311705
                ],
                [
                  28.050880359657466,
                  41.923665457182196
                ],
                [
                  28.0532080857179,
                  41.935321563071966
                ],
                [
                  28.046853845845966,
                  41.94041829643358
                ],
                [
                  28.047513770633614,
                  41.94338804326685
                ],
                [
                  28.056516670124278,
                  41.951093421730114
                ],
                [
                  28.04693409695821,
                  41.96514399749982
                ],
                [
                  28.048521539623525,
                  41.96879600503523
                ],
                [
                  28.040339092178307,
                  41.97436545620726
                ],
                [
                  28.03134056231197,
                  41.98703820344078
                ],
                [
                  28.017232019338557,
                  41.98602154594667
                ],
                [
                  27.998249574032176,
                  41.98710064619477
                ],
                [
                  27.98764138949745,
                  41.99432881209049
                ],
                [
                  27.987373883695128,
                  41.99450721048233
                ],
                [
                  27.987021584593972,
                  41.99474797638252
                ],
                [
                  27.98594694866575,
                  41.99456071437428
                ],
                [
                  27.982098747430037,
                  41.99387844379409
                ],
                [
                  27.978669662924318,
                  41.98956207998731
                ],
                [
                  27.960200111090465,
                  41.98376074957206
                ],
                [
                  27.958131075030085,
                  41.9890403323058
                ],
                [
                  27.955567084176373,
                  41.98802370732814
                ],
                [
                  27.951348834526414,
                  41.98635151220462
                ],
                [
                  27.938524399997632,
                  41.989428307989854
                ],
                [
                  27.938519946155633,
                  41.989428265533505
                ],
                [
                  27.93624584079424,
                  41.98449654338492
                ],
                [
                  27.935050798187618,
                  41.98190134222024
                ],
                [
                  27.933619393099054,
                  41.98214210532604
                ],
                [
                  27.930770066739157,
                  41.98262816953495
                ],
                [
                  27.92842898533155,
                  41.98463032043608
                ],
                [
                  27.92834869759161,
                  41.98470165553754
                ],
                [
                  27.923680045922865,
                  41.98233382769089
                ],
                [
                  27.921249784795428,
                  41.981098680189675
                ],
                [
                  27.914819804569525,
                  41.981611501594344
                ],
                [
                  27.911127658588665,
                  41.98408630863615
                ],
                [
                  27.90723050133175,
                  41.98669933344547
                ],
                [
                  27.90633859160483,
                  41.989000210898894
                ],
                [
                  27.908559233122322,
                  41.99469898266103
                ],
                [
                  27.907480141564594,
                  41.99608571681906
                ],
                [
                  27.906762201581685,
                  41.99700876103134
                ],
                [
                  27.905794574489953,
                  41.99710237669943
                ],
                [
                  27.905598386689878,
                  41.99712025352732
                ],
                [
                  27.904769024231914,
                  41.99720049800304
                ],
                [
                  27.893590067054884,
                  41.998261753922534
                ],
                [
                  27.875838380329604,
                  42.008018272105446
                ],
                [
                  27.872922126031135,
                  42.009619065444866
                ],
                [
                  27.87289977294887,
                  42.00962802278152
                ],
                [
                  27.871802825480557,
                  42.009748401519815
                ],
                [
                  27.8682980277617,
                  42.010131927498854
                ],
                [
                  27.865948100176333,
                  42.00878522013133
                ],
                [
                  27.8655244974492,
                  42.008544436914384
                ],
                [
                  27.86551997918534,
                  42.008539969183374
                ],
                [
                  27.866010504516705,
                  42.00019259166155
                ],
                [
                  27.866028284865685,
                  41.99984027802036
                ],
                [
                  27.862318344721796,
                  41.997579530625075
                ],
                [
                  27.860383093370256,
                  41.99745913438241
                ],
                [
                  27.858951717235474,
                  41.99736994796386
                ],
                [
                  27.85813133769784,
                  42.00539188390026
                ],
                [
                  27.853529424756676,
                  42.00519120869687
                ],
                [
                  27.85190194253513,
                  41.997419021931755
                ],
                [
                  27.84424122636051,
                  41.99769993816176
                ],
                [
                  27.83909540824722,
                  41.999461256364896
                ],
                [
                  27.836000743901792,
                  42.00051806519737
                ],
                [
                  27.82816616026138,
                  41.99413264025594
                ],
                [
                  27.82764888068042,
                  41.993709054241954
                ],
                [
                  27.82508929162105,
                  41.98479973493953
                ],
                [
                  27.826302261564425,
                  41.98211983644688
                ],
                [
                  27.82717169937601,
                  41.98019796124559
                ],
                [
                  27.82991856929955,
                  41.9790296844264
                ],
                [
                  27.83045804879342,
                  41.973540507825106
                ],
                [
                  27.829967652141754,
                  41.972274136366735
                ],
                [
                  27.82983831523931,
                  41.97194861085064
                ],
                [
                  27.828571869632412,
                  41.96874251445063
                ],
                [
                  27.828571898978186,
                  41.96873807363062
                ],
                [
                  27.82946368662852,
                  41.96756977658854
                ],
                [
                  27.830681063311868,
                  41.96597784816812
                ],
                [
                  27.833352078139587,
                  41.965514156406805
                ],
                [
                  27.833427880207097,
                  41.9655007636922
                ],
                [
                  27.833432268701763,
                  41.965500755620624
                ],
                [
                  27.834052072016576,
                  41.96582180469424
                ],
                [
                  27.834975095391794,
                  41.96629891430373
                ],
                [
                  27.83740095315116,
                  41.96755194962827
                ],
                [
                  27.838671753833836,
                  41.96821190226001
                ],
                [
                  27.840152156950335,
                  41.96720859405704
                ],
                [
                  27.841409645406404,
                  41.966361341577944
                ],
                [
                  27.841949189420387,
                  41.96039954791351
                ],
                [
                  27.839759770619164,
                  41.956520114625505
                ],
                [
                  27.835751069130602,
                  41.954950511906034
                ],
                [
                  27.832727758347634,
                  41.955458894249894
                ],
                [
                  27.831479283834696,
                  41.95566845008192
                ],
                [
                  27.829963179112124,
                  41.957750831479046
                ],
                [
                  27.828460452875134,
                  41.959810954021066
                ],
                [
                  27.820491988689387,
                  41.958718456521716
                ],
                [
                  27.820786369957638,
                  41.9540319554552
                ],
                [
                  27.8210003432956,
                  41.95070991440883
                ],
                [
                  27.81853001586145,
                  41.94889057746046
                ],
                [
                  27.814869098491783,
                  41.95029072844361
                ],
                [
                  27.813562557591904,
                  41.95371535466577
                ],
                [
                  27.81250123894131,
                  41.95648888956168
                ],
                [
                  27.80854167170111,
                  41.958580244962825
                ],
                [
                  27.800434961526417,
                  41.9565647158793
                ],
                [
                  27.79687209000029,
                  41.95568179228098
                ],
                [
                  27.79686770367236,
                  41.955681798492826
                ],
                [
                  27.791458820321456,
                  41.96001161519217
                ],
                [
                  27.79110202554708,
                  41.96030144008958
                ],
                [
                  27.790259268622,
                  41.960114174022756
                ],
                [
                  27.7871112188234,
                  41.95940963517942
                ],
                [
                  27.78595630239377,
                  41.96050658087087
                ],
                [
                  27.785898329754243,
                  41.960560076152916
                ],
                [
                  27.7904332322351,
                  41.96621866172973
                ],
                [
                  27.792109789641867,
                  41.96830999376378
                ],
                [
                  27.791271518316822,
                  41.968853999440604
                ],
                [
                  27.789978348184533,
                  41.96968784225695
                ],
                [
                  27.78681692327185,
                  41.97079371093874
                ],
                [
                  27.783271844559007,
                  41.97202886073542
                ],
                [
                  27.776770470146115,
                  41.96835009458776
                ],
                [
                  27.76704962978076,
                  41.9732818735306
                ],
                [
                  27.767045242538632,
                  41.97328187828572
                ],
                [
                  27.7573689384148,
                  41.973339872113726
                ],
                [
                  27.752486271661624,
                  41.97337553039158
                ],
                [
                  27.75019876389478,
                  41.973388914835915
                ],
                [
                  27.74759460627279,
                  41.97536876102783
                ],
                [
                  27.747460800530096,
                  41.975471310010576
                ],
                [
                  27.74854439685142,
                  41.97648354959651
                ],
                [
                  27.750229998521544,
                  41.97806205792052
                ],
                [
                  27.75199574078386,
                  41.97972525835527
                ],
                [
                  27.75303024056876,
                  41.980701844816984
                ],
                [
                  27.751210920022086,
                  41.982311578265666
                ],
                [
                  27.741441072172922,
                  41.98534819841215
                ],
                [
                  27.73966186439835,
                  41.98324353354761
                ],
                [
                  27.737820276469595,
                  41.9810585834406
                ],
                [
                  27.737521558402644,
                  41.98070183430486
                ],
                [
                  27.73741002844265,
                  41.98056807828736
                ],
                [
                  27.736085700526814,
                  41.98014000165798
                ],
                [
                  27.734640889766528,
                  41.979671791284204
                ],
                [
                  27.727319121712963,
                  41.98314988478102
                ],
                [
                  27.726676975561087,
                  41.9831988993787
                ],
                [
                  27.72599922304219,
                  41.98324799335589
                ],
                [
                  27.70435922229695,
                  41.98488894617325
                ],
                [
                  27.704252188515465,
                  41.98454112193742
                ],
                [
                  27.703721532438273,
                  41.982828821119824
                ],
                [
                  27.707971042054563,
                  41.97869074075599
                ],
                [
                  27.707534089942968,
                  41.97840539652027
                ],
                [
                  27.707070309793348,
                  41.978102188207636
                ],
                [
                  27.70550962502163,
                  41.97709886111801
                ],
                [
                  27.705505148806097,
                  41.97709888642259
                ],
                [
                  27.6929616687778,
                  41.97877102658492
                ],
                [
                  27.687731185364985,
                  41.976742155788976
                ],
                [
                  27.687338783989112,
                  41.9756051051161
                ],
                [
                  27.685528396460054,
                  41.970347818857185
                ],
                [
                  27.685523952963983,
                  41.970347763490146
                ],
                [
                  27.684770346540258,
                  41.97015162351607
                ],
                [
                  27.68333448851835,
                  41.969768085196634
                ],
                [
                  27.682148400234844,
                  41.969451485320064
                ],
                [
                  27.68027112150567,
                  41.96464906260968
                ],
                [
                  27.67719878611797,
                  41.964212042087965
                ],
                [
                  27.677198799889844,
                  41.96421653867107
                ],
                [
                  27.67479975537396,
                  41.96948717269324
                ],
                [
                  27.669466649868482,
                  41.966075963552505
                ],
                [
                  27.66523951553206,
                  41.96336930759047
                ],
                [
                  27.662800313873735,
                  41.963841985085814
                ],
                [
                  27.66099889526702,
                  41.96819852077181
                ],
                [
                  27.656860861041977,
                  41.96737805596805
                ],
                [
                  27.654247728755507,
                  41.9668607627282
                ],
                [
                  27.645320645555394,
                  41.961871050516656
                ],
                [
                  27.644281741465083,
                  41.96412289327192
                ],
                [
                  27.64351916461449,
                  41.96576828571129
                ],
                [
                  27.64168205653384,
                  41.96509945755462
                ],
                [
                  27.639996467356504,
                  41.96448408477516
                ],
                [
                  27.63613935958571,
                  41.963070535356934
                ],
                [
                  27.630512002873814,
                  41.96460443782069
                ],
                [
                  27.62758237512794,
                  41.965398221460326
                ],
                [
                  27.627577934089604,
                  41.965398163142055
                ],
                [
                  27.62512091763814,
                  41.964270015655515
                ],
                [
                  27.6255222280796,
                  41.96274055768462
                ],
                [
                  27.62571850919409,
                  41.96197805731099
                ],
                [
                  27.63394107869276,
                  41.956671748696564
                ],
                [
                  27.619480149687377,
                  41.94896195775031
                ],
                [
                  27.613955358430456,
                  41.947392316930525
                ],
                [
                  27.613950940138984,
                  41.94738789875658
                ],
                [
                  27.613389084751457,
                  41.953568209836
                ],
                [
                  27.609821713832293,
                  41.95462945302415
                ],
                [
                  27.607899878528208,
                  41.95520026236913
                ],
                [
                  27.592137011594883,
                  41.94222870333326
                ],
                [
                  27.59186052530025,
                  41.94200127246862
                ],
                [
                  27.58849839483596,
                  41.94246951847783
                ],
                [
                  27.58578723712488,
                  41.94463216975446
                ],
                [
                  27.58241172452908,
                  41.94732101683638
                ],
                [
                  27.57934826415105,
                  41.94732991351129
                ],
                [
                  27.579348319657228,
                  41.94732547475453
                ],
                [
                  27.57962029486234,
                  41.942291124298066
                ],
                [
                  27.571892677115677,
                  41.932940403978385
                ],
                [
                  27.573506866511007,
                  41.93265504212022
                ],
                [
                  27.579838798590927,
                  41.931531318852414
                ],
                [
                  27.58043185242156,
                  41.92901189277601
                ],
                [
                  27.580427350133938,
                  41.92900749839681
                ],
                [
                  27.57180346512263,
                  41.92583262193338
                ],
                [
                  27.56876236094709,
                  41.92471333995579
                ],
                [
                  27.56875789221133,
                  41.92470886594098
                ],
                [
                  27.568748963735,
                  41.923339971656766
                ],
                [
                  27.56938664241616,
                  41.923215112561216
                ],
                [
                  27.576998290924266,
                  41.92169902013083
                ],
                [
                  27.577002812627494,
                  41.9216945657834
                ],
                [
                  27.577252455798114,
                  41.92123525224121
                ],
                [
                  27.578059636307184,
                  41.91975036202506
                ],
                [
                  27.57912084078452,
                  41.91778839837577
                ],
                [
                  27.5757096218548,
                  41.91299928353502
                ],
                [
                  27.564089244656312,
                  41.91114876489512
                ],
                [
                  27.56314838824899,
                  41.91100159601606
                ],
                [
                  27.553449827476292,
                  41.9180514419257
                ],
                [
                  27.546449028490308,
                  41.92387061550742
                ],
                [
                  27.544620773982103,
                  41.92621607796901
                ],
                [
                  27.54309583469678,
                  41.92817361689985
                ],
                [
                  27.54100894896028,
                  41.93084910413978
                ],
                [
                  27.536358087621775,
                  41.939579993943354
                ],
                [
                  27.531698307127293,
                  41.94655849547991
                ],
                [
                  27.525491236832313,
                  41.95354144389738
                ],
                [
                  27.51985937960354,
                  41.958696145514914
                ],
                [
                  27.51849048420584,
                  41.95994919809218
                ],
                [
                  27.514602181196263,
                  41.96228129483522
                ],
                [
                  27.509447385829578,
                  41.961184362474796
                ],
                [
                  27.509139745773545,
                  41.96112194532215
                ],
                [
                  27.49900861764457,
                  41.95995806779889
                ],
                [
                  27.489671293661814,
                  41.96113082476696
                ],
                [
                  27.48966682603001,
                  41.96113083898511
                ],
                [
                  27.483441884625922,
                  41.96521090987069
                ],
                [
                  27.47975424639154,
                  41.96741369350058
                ],
                [
                  27.47954017970227,
                  41.967538553128236
                ],
                [
                  27.47726158479955,
                  41.970098060746125
                ],
                [
                  27.474880389973045,
                  41.97276907222559
                ],
                [
                  27.4736586415446,
                  41.97413802393465
                ],
                [
                  27.471759144710973,
                  41.97626058230496
                ],
                [
                  27.470822670707932,
                  41.976612801926215
                ],
                [
                  27.468651158794685,
                  41.97742886271197
                ],
                [
                  27.46442832408488,
                  41.97679569040332
                ],
                [
                  27.46085209405264,
                  41.97626056979873
                ],
                [
                  27.449169332124953,
                  41.97742886386086
                ],
                [
                  27.44916926252664,
                  41.97743330632283
                ],
                [
                  27.44593646061274,
                  41.9801890558106
                ],
                [
                  27.443720265586173,
                  41.98207972281851
                ],
                [
                  27.441767117042026,
                  41.98681525038566
                ],
                [
                  27.440598935757734,
                  41.98965126387685
                ],
                [
                  27.4402064580344,
                  41.990681284104376
                ],
                [
                  27.439051593629465,
                  41.993717957500735
                ],
                [
                  27.435149873313186,
                  41.99662970340565
                ],
                [
                  27.433700657410945,
                  41.99626410366573
                ],
                [
                  27.43280885978888,
                  41.99604110574555
                ],
                [
                  27.430097677159694,
                  41.99579144965823
                ],
                [
                  27.42657944521671,
                  41.99547036836482
                ],
                [
                  27.42268224052877,
                  41.996629704550266
                ],
                [
                  27.419560869019875,
                  42.00302857224625
                ],
                [
                  27.41870030938445,
                  42.0040942852359
                ],
                [
                  27.41721983992118,
                  42.005931399373864
                ],
                [
                  27.415289027278714,
                  42.00737616573375
                ],
                [
                  27.413331498863233,
                  42.008838733736056
                ],
                [
                  27.40864943014632,
                  42.01175052759701
                ],
                [
                  27.40344120115174,
                  42.01598222048975
                ],
                [
                  27.40007012807821,
                  42.01872015475652
                ],
                [
                  27.39538803481405,
                  42.02627831535464
                ],
                [
                  27.392271098827905,
                  42.02976975734779
                ],
                [
                  27.39071045627787,
                  42.03500033554799
                ],
                [
                  27.389149783720985,
                  42.03907147825911
                ],
                [
                  27.38602840625939,
                  42.04371785360303
                ],
                [
                  27.383691874748592,
                  42.04778899979129
                ],
                [
                  27.38368732396682,
                  42.0477934595569
                ],
                [
                  27.381350859891416,
                  42.053608152944
                ],
                [
                  27.376477021546624,
                  42.05775065311802
                ],
                [
                  27.375879514913812,
                  42.05825894047657
                ],
                [
                  27.368860886245265,
                  42.06175042380317
                ],
                [
                  27.362903469931688,
                  42.06310602343207
                ],
                [
                  27.358711936203303,
                  42.064060257818305
                ],
                [
                  27.351688905758078,
                  42.064060273360894
                ],
                [
                  27.343109608970828,
                  42.065219630429944
                ],
                [
                  27.341539964384342,
                  42.06695866552116
                ],
                [
                  27.341575617087326,
                  42.066998819831454
                ],
                [
                  27.343100616322417,
                  42.06871113081616
                ],
                [
                  27.342949032574698,
                  42.069803561173046
                ],
                [
                  27.342485340731717,
                  42.073237107314775
                ],
                [
                  27.342311356310244,
                  42.07452130881564
                ],
                [
                  27.340438526764437,
                  42.07835168000126
                ],
                [
                  27.33919006525723,
                  42.080911221692716
                ],
                [
                  27.33560043335422,
                  42.084246585654725
                ],
                [
                  27.332933867099477,
                  42.08672590288178
                ],
                [
                  27.332929398691256,
                  42.086730341420555
                ],
                [
                  27.329937414304975,
                  42.087283263598096
                ],
                [
                  27.32669116831367,
                  42.08788077487523
                ],
                [
                  27.323440468258447,
                  42.08932999755994
                ],
                [
                  27.31886991962996,
                  42.09136778795766
                ],
                [
                  27.314321605130285,
                  42.0922060836929
                ],
                [
                  27.312631549925904,
                  42.092518231033715
                ],
                [
                  27.30559065442321,
                  42.09658939751149
                ],
                [
                  27.304948606890232,
                  42.09687479309717
                ],
                [
                  27.301689034854416,
                  42.09832846978681
                ],
                [
                  27.29831784607242,
                  42.09882788066512
                ],
                [
                  27.293881105649163,
                  42.09947887871957
                ],
                [
                  27.28929714565214,
                  42.10045096471612
                ],
                [
                  27.288409768479198,
                  42.10063827829526
                ],
                [
                  27.283718778812634,
                  42.10296146736634
                ],
                [
                  27.278702294237558,
                  42.106149692277
                ],
                [
                  27.278251911598122,
                  42.106439540285
                ],
                [
                  27.27824743527348,
                  42.10643954405598
                ],
                [
                  27.27434135301954,
                  42.10759893901218
                ],
                [
                  27.270711612660453,
                  42.10692111436696
                ],
                [
                  27.268089625422075,
                  42.106430633717
                ],
                [
                  27.264968277361778,
                  42.104678237965445
                ],
                [
                  27.25638004538795,
                  42.10640833071305
                ],
                [
                  27.254538389448555,
                  42.106751687788076
                ],
                [
                  27.250128410088777,
                  42.10757219122765
                ],
                [
                  27.246784077615533,
                  42.106198740296946
                ],
                [
                  27.241549098847145,
                  42.10405842159557
                ],
                [
                  27.231400100846262,
                  42.10172181047207
                ],
                [
                  27.229571929785205,
                  42.099492255212326
                ],
                [
                  27.22517973435198,
                  42.09415030505251
                ],
                [
                  27.22347192238864,
                  42.0911626877078
                ],
                [
                  27.222852074053137,
                  42.0900790793177
                ],
                [
                  27.220011675094238,
                  42.088482774976555
                ],
                [
                  27.216609285638533,
                  42.086569805929805
                ],
                [
                  27.2130108265809,
                  42.08549515240534
                ],
                [
                  27.208810389257636,
                  42.08424217160965
                ],
                [
                  27.208038912976473,
                  42.08133038076989
                ],
                [
                  27.20962195045833,
                  42.07435185420912
                ],
                [
                  27.212101192759985,
                  42.0706820109628
                ],
                [
                  27.21276113032842,
                  42.06970991825717
                ],
                [
                  27.20964869620832,
                  42.06505019624866
                ],
                [
                  27.20341042793311,
                  42.06504126155908
                ],
                [
                  27.198652513561196,
                  42.06755175265061
                ],
                [
                  27.197939070411042,
                  42.06793074758826
                ],
                [
                  27.197042753914186,
                  42.06832762213806
                ],
                [
                  27.19402844940356,
                  42.06966977559749
                ],
                [
                  27.190898201251255,
                  42.073147919120345
                ],
                [
                  27.186991961929788,
                  42.07431170709894
                ],
                [
                  27.18309030268664,
                  42.07429836486293
                ],
                [
                  27.172169940881933,
                  42.07020937697276
                ],
                [
                  27.164553760350213,
                  42.07075784638346
                ],
                [
                  27.164370926119275,
                  42.07077123062737
                ],
                [
                  27.16436645738099,
                  42.07077122849426
                ],
                [
                  27.149531032637555,
                  42.072479053254874
                ],
                [
                  27.14093838981385,
                  42.07535963641565
                ],
                [
                  27.140938377115965,
                  42.07536406754804
                ],
                [
                  27.133888559133432,
                  42.08000154655876
                ],
                [
                  27.13191761691275,
                  42.081941282862125
                ],
                [
                  27.129179715317115,
                  42.08463901089091
                ],
                [
                  27.126673771058044,
                  42.08696221040633
                ],
                [
                  27.12604944787469,
                  42.087541907506555
                ],
                [
                  27.116658547041826,
                  42.09101109659145
                ],
                [
                  27.10906026449778,
                  42.090984310643385
                ],
                [
                  27.1057292611365,
                  42.09097092037502
                ],
                [
                  27.09834950778803,
                  42.09232647339503
                ],
                [
                  27.09636073798253,
                  42.092692144024035
                ],
                [
                  27.08931975777955,
                  42.0950019532825
                ],
                [
                  27.082278922738077,
                  42.09671873629339
                ],
                [
                  27.08052198593884,
                  42.09632184637928
                ],
                [
                  27.076138680633267,
                  42.09532746096155
                ],
                [
                  27.074479949829698,
                  42.094948466434474
                ],
                [
                  27.065138108328274,
                  42.08969120533386
                ],
                [
                  27.05579180959935,
                  42.08674814873287
                ],
                [
                  27.04407781804253,
                  42.087292164354366
                ],
                [
                  27.04407337465031,
                  42.08728772340428
                ],
                [
                  27.03511942600235,
                  42.08520529718342
                ],
                [
                  27.03393781426854,
                  42.08492886242758
                ],
                [
                  27.03364348003824,
                  42.08401922256452
                ],
                [
                  27.033179705223194,
                  42.082601207629125
                ],
                [
                  27.033523060451014,
                  42.07920337696852
                ],
                [
                  27.034000167929317,
                  42.07445887402149
                ],
                [
                  27.034049213800245,
                  42.0669764933311
                ],
                [
                  27.03404925734145,
                  42.06690961830169
                ],
                [
                  27.029688219920438,
                  42.06033243526911
                ],
                [
                  27.02864044025463,
                  42.05874948648341
                ],
                [
                  27.028635977337615,
                  42.05874947739843
                ],
                [
                  27.027926936141746,
                  42.05797804108313
                ],
                [
                  27.02166188618875,
                  42.05116006019914
                ],
                [
                  27.016230657748462,
                  42.046491394034156
                ],
                [
                  27.004561236287667,
                  42.04121182900919
                ],
                [
                  26.999098789387983,
                  42.04003017476042
                ],
                [
                  26.990528474689363,
                  42.03883066348279
                ],
                [
                  26.988611026415626,
                  42.03714514848017
                ],
                [
                  26.985868701179765,
                  42.03474164842067
                ],
                [
                  26.986497373000752,
                  42.02832055754913
                ],
                [
                  26.986720373241365,
                  42.02602861306998
                ],
                [
                  26.98647512107639,
                  42.02372767747697
                ],
                [
                  26.98598015555882,
                  42.019050121388034
                ],
                [
                  26.979019475493896,
                  42.01030132591795
                ],
                [
                  26.972879286888087,
                  42.00566390051627
                ],
                [
                  26.971269599483506,
                  42.004451027070104
                ],
                [
                  26.969329867171176,
                  42.00431278198036
                ],
                [
                  26.962699180190615,
                  42.00384013115333
                ],
                [
                  26.96063011406647,
                  42.00383116728101
                ],
                [
                  26.96063469042562,
                  42.003826733829634
                ],
                [
                  26.96448727204915,
                  41.99950137072845
                ],
                [
                  26.96566896732068,
                  41.997539371915764
                ],
                [
                  26.9671449346053,
                  41.995127032785646
                ],
                [
                  26.968478168989144,
                  41.9931649873325
                ],
                [
                  26.971189324209593,
                  41.991069271293355
                ],
                [
                  26.97342778774658,
                  41.9886435029499
                ],
                [
                  26.97536298431316,
                  41.986217717306715
                ],
                [
                  26.977449887250714,
                  41.98368048992077
                ],
                [
                  26.978622645623297,
                  41.98137962806305
                ],
                [
                  26.979492130427463,
                  41.97919463053589
                ],
                [
                  26.98065152711311,
                  41.97632296715839
                ],
                [
                  26.980901258562838,
                  41.97379916491653
                ],
                [
                  26.9789749567718,
                  41.969705688220095
                ],
                [
                  26.978462090749176,
                  41.96753858224611
                ],
                [
                  26.97716900740415,
                  41.96435032817907
                ],
                [
                  26.975568113147585,
                  41.96128244948414
                ],
                [
                  26.973833557854206,
                  41.959012757898066
                ],
                [
                  26.972397731687202,
                  41.95639973921811
                ],
                [
                  26.970975276989893,
                  41.95435298994372
                ],
                [
                  26.969231750941454,
                  41.95162400061377
                ],
                [
                  26.967184983714773,
                  41.94913138143522
                ],
                [
                  26.965138346938424,
                  41.94652725907208
                ],
                [
                  26.96402356487591,
                  41.94459647590363
                ],
                [
                  26.96306037766786,
                  41.94254085579849
                ],
                [
                  26.96328777301126,
                  41.939111795735556
                ],
                [
                  26.96338584975131,
                  41.93659237954763
                ],
                [
                  26.963622162511886,
                  41.933502226559966
                ],
                [
                  26.96446941743288,
                  41.930287225212474
                ],
                [
                  26.96557981086271,
                  41.92512361482253
                ],
                [
                  26.966529575280976,
                  41.921779245414186
                ],
                [
                  26.967399150836602,
                  41.91799350217374
                ],
                [
                  26.967943154932723,
                  41.91562571433162
                ],
                [
                  26.96844253430669,
                  41.91318656449913
                ],
                [
                  26.968861679597037,
                  41.91112202505889
                ],
                [
                  26.96933432232275,
                  41.90844656359194
                ],
                [
                  26.969757981787073,
                  41.90573094900432
                ],
                [
                  26.97011469942532,
                  41.90344792785796
                ],
                [
                  26.970395647102123,
                  41.90127632483517
                ],
                [
                  26.97048920111255,
                  41.8985250656449
                ],
                [
                  26.969347684191675,
                  41.895452746247706
                ],
                [
                  26.968843773334296,
                  41.89339708501078
                ],
                [
                  26.96879034432779,
                  41.890886603824306
                ],
                [
                  26.969026672921945,
                  41.887796436524845
                ],
                [
                  26.969873910330872,
                  41.88468845641203
                ],
                [
                  26.96949043194728,
                  41.88126387629884
                ],
                [
                  26.96912031006903,
                  41.87840556450874
                ],
                [
                  26.969209508113025,
                  41.875435850137904
                ],
                [
                  26.969922918083356,
                  41.87325088201606
                ],
                [
                  26.971987479596564,
                  41.86991102665683
                ],
                [
                  26.97301309139005,
                  41.86784200015142
                ],
                [
                  26.974190303197044,
                  41.86587997443153
                ],
                [
                  26.975224745395092,
                  41.86373959762985
                ],
                [
                  26.976691868285148,
                  41.8616170793821
                ],
                [
                  26.979055160307386,
                  41.85792942884714
                ],
                [
                  26.980232401099077,
                  41.85596741541183
                ],
                [
                  26.98124906325092,
                  41.85367098411272
                ],
                [
                  26.982265734741382,
                  41.851370039365406
                ],
                [
                  26.98343846558117,
                  41.849180669265614
                ],
                [
                  26.984299079237786,
                  41.84654088532722
                ],
                [
                  26.98589546613902,
                  41.8428621003767
                ],
                [
                  26.98766117881084,
                  41.839754085404486
                ],
                [
                  26.988517365102936,
                  41.83711429177059
                ],
                [
                  26.989351298624427,
                  41.83366743668973
                ],
                [
                  26.98961428695815,
                  41.83160288549725
                ],
                [
                  26.990176197737554,
                  41.829538299085414
                ],
                [
                  26.990737990502645,
                  41.82724183750082
                ],
                [
                  26.99129099017443,
                  41.82472247106569
                ],
                [
                  26.991999924374397,
                  41.8224215584759
                ],
                [
                  26.992985404945664,
                  41.818751759522655
                ],
                [
                  26.993244040194675,
                  41.81668719039561
                ],
                [
                  26.99345804045704,
                  41.81256694106934
                ],
                [
                  26.993404601152445,
                  41.81027946878194
                ],
                [
                  26.99335107383932,
                  41.80799194283794
                ],
                [
                  26.993431333672767,
                  41.804558398370155
                ],
                [
                  26.99320389659542,
                  41.801472719411294
                ],
                [
                  26.9931593150448,
                  41.79941259720855
                ],
                [
                  26.993088020429454,
                  41.79632246571439
                ],
                [
                  26.992851606660757,
                  41.792550084205956
                ],
                [
                  26.99230320775551,
                  41.788550255325696
                ],
                [
                  26.99159859674879,
                  41.78443896814375
                ],
                [
                  26.990724635817376,
                  41.77964540381748
                ],
                [
                  26.989930904428164,
                  41.77565008224643
                ],
                [
                  26.988691282829027,
                  41.77074056475658
                ],
                [
                  26.987879742976062,
                  41.76857792870115
                ],
                [
                  26.986751579356305,
                  41.765960425119424
                ],
                [
                  26.985311319095675,
                  41.76288814607314
                ],
                [
                  26.98449527838903,
                  41.76049356607277
                ],
                [
                  26.983349299639862,
                  41.757184911545146
                ],
                [
                  26.982814165063424,
                  41.7537603494304
                ],
                [
                  26.981819815354765,
                  41.750224270491515
                ],
                [
                  26.981298125832023,
                  41.74725453015101
                ],
                [
                  26.98078080840295,
                  41.74463257587749
                ],
                [
                  26.979933567987338,
                  41.74097608986673
                ],
                [
                  26.979425324538084,
                  41.738808978140185
                ],
                [
                  26.978716299210394,
                  41.73435432617256
                ],
                [
                  26.977869073826056,
                  41.73047045369991
                ],
                [
                  26.977365225396635,
                  41.72841481196548
                ],
                [
                  26.976393091215797,
                  41.7260247037981
                ],
                [
                  26.97541207441526,
                  41.72305939626847
                ],
                [
                  26.97429733938373,
                  41.72090120132984
                ],
                [
                  26.97255821878045,
                  41.718172234069065
                ],
                [
                  26.971260682326605,
                  41.7147565822447
                ],
                [
                  26.969989844353652,
                  41.71248243395618
                ],
                [
                  26.967782545990627,
                  41.70907124309786
                ],
                [
                  26.96575809907848,
                  41.7072697575182
                ],
                [
                  26.963559805970547,
                  41.70442927908086
                ],
                [
                  26.96199023716773,
                  41.70238703974094
                ],
                [
                  26.960576699012325,
                  41.700572176900906
                ],
                [
                  26.958427402279348,
                  41.69869485798569
                ],
                [
                  26.956367291054555,
                  41.69638952527464
                ],
                [
                  26.95449887184462,
                  41.69469064199505
                ],
                [
                  26.9530853736815,
                  41.69275986071709
                ],
                [
                  26.951765477374195,
                  41.68819815443511
                ],
                [
                  26.953094267591535,
                  41.68635207814626
                ],
                [
                  26.953335121720674,
                  41.68325747067959
                ],
                [
                  26.953883578165634,
                  41.68050623059695
                ],
                [
                  26.953816649486065,
                  41.6775319783715
                ],
                [
                  26.955096465927813,
                  41.67309963966026
                ],
                [
                  26.950164647412706,
                  41.67046877859511
                ],
                [
                  26.94784149551136,
                  41.66913102836068
                ],
                [
                  26.94445253569335,
                  41.66757040893542
                ],
                [
                  26.941384708822856,
                  41.66656709844129
                ],
                [
                  26.938615567905973,
                  41.66545675936278
                ],
                [
                  26.935690420479858,
                  41.66411459755391
                ],
                [
                  26.93231043176851,
                  41.662785765281015
                ],
                [
                  26.92954135275121,
                  41.661550596718634
                ],
                [
                  26.92538092822264,
                  41.65954398150932
                ],
                [
                  26.922919586352975,
                  41.65842475676178
                ],
                [
                  26.918241934439628,
                  41.65646721541764
                ],
                [
                  26.915842958382186,
                  41.6554103851148
                ],
                [
                  26.913064950238624,
                  41.65372485936798
                ],
                [
                  26.91090223557988,
                  41.65237373544642
                ],
                [
                  26.908284736697087,
                  41.65091564767458
                ],
                [
                  26.90641643576677,
                  41.64922117745263
                ],
                [
                  26.903941576918307,
                  41.64741525628966
                ],
                [
                  26.901622864732644,
                  41.645836744108315
                ],
                [
                  26.89851039186631,
                  41.642666287750316
                ],
                [
                  26.89694978025735,
                  41.64096735888019
                ],
                [
                  26.895536171048395,
                  41.6390321435531
                ],
                [
                  26.89397994109375,
                  41.63733768994688
                ],
                [
                  26.893320081095126,
                  41.63517056906515
                ],
                [
                  26.893083742348953,
                  41.631054801445316
                ],
                [
                  26.893177379252077,
                  41.62842388844807
                ],
                [
                  26.893583108740284,
                  41.62601599613415
                ],
                [
                  26.895210691849933,
                  41.62370620862264
                ],
                [
                  26.898220591811437,
                  41.62206970473778
                ],
                [
                  26.90063297439456,
                  41.620901446824924
                ],
                [
                  26.903245983864526,
                  41.6195859837175
                ],
                [
                  26.906055209873223,
                  41.61809664681479
                ],
                [
                  26.909390595685487,
                  41.61725838260294
                ],
                [
                  26.912124083537798,
                  41.61688379329687
                ],
                [
                  26.918692362805015,
                  41.61611230953219
                ],
                [
                  26.92243798880531,
                  41.61493511672366
                ],
                [
                  26.925768896513453,
                  41.61409683061719
                ],
                [
                  26.928667315422484,
                  41.61429752047885
                ],
                [
                  26.93266712103583,
                  41.61630852210786
                ],
                [
                  26.93712622563532,
                  41.61820809869352
                ],
                [
                  26.940207500402465,
                  41.61989363989437
                ],
                [
                  26.942673404532126,
                  41.62124028575542
                ],
                [
                  26.94607119702886,
                  41.623255798512325
                ],
                [
                  26.950253857233676,
                  41.62568155206124
                ],
                [
                  26.954387384247774,
                  41.627398378629
                ],
                [
                  26.957156499638213,
                  41.628624597397064
                ],
                [
                  26.959921177043576,
                  41.629850857950636
                ],
                [
                  26.963724739380925,
                  41.62957884493657
                ],
                [
                  26.966453757846622,
                  41.62909279406134
                ],
                [
                  26.970516003744645,
                  41.626867683940134
                ],
                [
                  26.97471201602338,
                  41.623617032698114
                ],
                [
                  26.978381830460712,
                  41.62110655119877
                ],
                [
                  26.980731775390783,
                  41.62034401466137
                ],
                [
                  26.981900046084526,
                  41.61826611678973
                ],
                [
                  26.98178857289454,
                  41.6132362134834
                ],
                [
                  26.981703867602917,
                  41.60946379923335
                ],
                [
                  26.982087331690447,
                  41.60624882336344
                ],
                [
                  26.982341536827864,
                  41.60407280154151
                ],
                [
                  26.980763034755242,
                  41.601459754192405
                ],
                [
                  26.977329507301587,
                  41.59783897465556
                ],
                [
                  26.97529616879166,
                  41.595341835823
                ],
                [
                  26.972928377363463,
                  41.59147579422868
                ],
                [
                  26.97084594944714,
                  41.58703452611356
                ],
                [
                  26.96875909935671,
                  41.58214290534385
                ],
                [
                  26.96673026001362,
                  41.57998913592559
                ],
                [
                  26.963314561610254,
                  41.57682318733184
                ],
                [
                  26.961892048898424,
                  41.574437620025336
                ],
                [
                  26.96122323555388,
                  41.57169527147496
                ],
                [
                  26.960389394394273,
                  41.56838213486683
                ],
                [
                  26.959426187892912,
                  41.56610351528639
                ],
                [
                  26.958422910518372,
                  41.561996716017305
                ],
                [
                  26.957749594472606,
                  41.55914286164431
                ],
                [
                  26.957232321002895,
                  41.55640501555656
                ],
                [
                  26.956728431828843,
                  41.55434932833247
                ],
                [
                  26.95637169302291,
                  41.55195033483618
                ],
                [
                  26.956608051638945,
                  41.548744251774266
                ],
                [
                  26.95671064431254,
                  41.546568187202624
                ],
                [
                  26.95665261028435,
                  41.54393287110878
                ],
                [
                  26.95687118108504,
                  41.54191287863826
                ],
                [
                  26.95727247756778,
                  41.537632170158226
                ],
                [
                  26.9577941528786,
                  41.53373492145963
                ],
                [
                  26.957709437997913,
                  41.529842155348554
                ],
                [
                  26.957812030139674,
                  41.52766609215363
                ],
                [
                  26.957602443863834,
                  41.5250351826053
                ],
                [
                  26.955684984856795,
                  41.5208258414834
                ],
                [
                  26.954864507630205,
                  41.51797199716506
                ],
                [
                  26.95375421264519,
                  41.51592083768796
                ],
                [
                  26.95155139323015,
                  41.5125140952734
                ],
                [
                  26.94937981498886,
                  41.51070813886149
                ],
                [
                  26.94690060234274,
                  41.50844737098021
                ],
                [
                  26.94455953644227,
                  41.50583433037635
                ],
                [
                  26.941612099854893,
                  41.503123174131545
                ],
                [
                  26.940051443207754,
                  41.50131277892427
                ],
                [
                  26.937732673191547,
                  41.499390896657275
                ],
                [
                  26.93602042022998,
                  41.497696446787415
                ],
                [
                  26.93416098671229,
                  41.4959975467046
                ],
                [
                  26.932132086911327,
                  41.49361640799726
                ],
                [
                  26.929287174295744,
                  41.488613287315765
                ],
                [
                  26.928069826909127,
                  41.48690100591449
                ],
                [
                  26.92662057339219,
                  41.48485868974217
                ],
                [
                  26.924266166873533,
                  41.48145640692696
                ],
                [
                  26.92284824529215,
                  41.47906631237496
                ],
                [
                  26.92113147029459,
                  41.47702403489003
                ],
                [
                  26.91921853525443,
                  41.47281023179012
                ],
                [
                  26.91855857319003,
                  41.47052714322086
                ],
                [
                  26.917871833104353,
                  41.4667592522771
                ],
                [
                  26.917029106651754,
                  41.46299124541939
                ],
                [
                  26.916364645189272,
                  41.460248930881704
                ],
                [
                  26.9155575845582,
                  41.457965852139104
                ],
                [
                  26.913983529031334,
                  41.45547323181403
                ],
                [
                  26.912574434918074,
                  41.45353796630909
                ],
                [
                  26.910541107099228,
                  41.4508090187733
                ],
                [
                  26.909131990348712,
                  41.44888270043193
                ],
                [
                  26.907419688073364,
                  41.44695190947229
                ],
                [
                  26.90555137960728,
                  41.44479813203907
                ],
                [
                  26.903495700322942,
                  41.44104802109975
                ],
                [
                  26.90097632739717,
                  41.43672272836576
                ],
                [
                  26.89845692490885,
                  41.43262926491632
                ],
                [
                  26.896249671487166,
                  41.42875876975699
                ],
                [
                  26.89420738249512,
                  41.42569537268623
                ],
                [
                  26.892633350072405,
                  41.42307788315425
                ],
                [
                  26.891366908793565,
                  41.420576341817295
                ],
                [
                  26.889953442607105,
                  41.418186253718304
                ],
                [
                  26.88856665691591,
                  41.416353523085085
                ],
                [
                  26.885275790932766,
                  41.4125098260603
                ],
                [
                  26.883710679839215,
                  41.41035157330381
                ],
                [
                  26.88198496452541,
                  41.40773854175935
                ],
                [
                  26.8804198295249,
                  41.40545995899654
                ],
                [
                  26.879465609235353,
                  41.403417658282166
                ],
                [
                  26.87835977604987,
                  41.40125054712733
                ],
                [
                  26.877240546667498,
                  41.398512641291624
                ],
                [
                  26.87629071592355,
                  41.39657746080583
                ],
                [
                  26.875769021697415,
                  41.393603192831364
                ],
                [
                  26.877253937193075,
                  41.391877512499015
                ],
                [
                  26.881311677481275,
                  41.38988428397854
                ],
                [
                  26.88430820206226,
                  41.38825226756196
                ],
                [
                  26.88624346532124,
                  41.38628583227443
                ],
                [
                  26.889231024711727,
                  41.383962618693644
                ],
                [
                  26.892530816503328,
                  41.382205729410074
                ],
                [
                  26.895072484354852,
                  41.38034629084308
                ],
                [
                  26.896704459384544,
                  41.37861174044117
                ],
                [
                  26.898760113832545,
                  41.375383359512064
                ],
                [
                  26.901114531094063,
                  41.37192748785678
                ],
                [
                  26.901970709100883,
                  41.36928324110107
                ],
                [
                  26.90235413699839,
                  41.365840833835314
                ],
                [
                  26.901997487073324,
                  41.36332590244093
                ],
                [
                  26.90195282716442,
                  41.36126584447304
                ],
                [
                  26.90190376415519,
                  41.35897829811772
                ],
                [
                  26.902144586144196,
                  41.355999638412065
                ],
                [
                  26.902398796823803,
                  41.353819068723034
                ],
                [
                  26.903558151856718,
                  41.35117932178388
                ],
                [
                  26.905172360446468,
                  41.34852170479805
                ],
                [
                  26.907375119149776,
                  41.34529330003058
                ],
                [
                  26.90867273597443,
                  41.34362110482301
                ],
                [
                  26.91032707146968,
                  41.34148524784194
                ],
                [
                  26.91210620244789,
                  41.3394028747868
                ],
                [
                  26.914193068315644,
                  41.337779706014686
                ],
                [
                  26.91779599774324,
                  41.33602285751262
                ],
                [
                  26.921876153579095,
                  41.335175568108376
                ],
                [
                  26.926861367589936,
                  41.33443092037227
                ],
                [
                  26.931534518245886,
                  41.333119994234764
                ],
                [
                  26.934236726420824,
                  41.331831273846504
                ],
                [
                  26.936791825222954,
                  41.330658539213886
                ],
                [
                  26.940247660180198,
                  41.32924051241659
                ],
                [
                  26.943101410780333,
                  41.32783590747513
                ],
                [
                  26.946115757881763,
                  41.32700206997067
                ],
                [
                  26.948670893927062,
                  41.32605673987535
                ],
                [
                  26.951074352251624,
                  41.324883981275384
                ],
                [
                  26.953673988015538,
                  41.32443807583696
                ]
              ]
            ]
          }
        ]
      },
      "id": "0000000000000000030a",
      "properties": {
        "ADM0_CODE": 249,
        "ADM0_NAME": "Turkey",
        "ADM1_CODE": 3066,
        "ADM1_NAME": "Kirklareli",
        "DISP_AREA": "NO",
        "EXP1_YEAR": 3000,
        "STATUS": "Member State",
        "STR1_YEAR": 1000,
        "Shape_Area": 0.711133566359,
        "Shape_Leng": 4.69876663102
      }
    },
    {
      "type": "Feature",
      "geometry": {
        "type": "Polygon",
        "coordinates": [
          [
            [
              26.993703295955715,
              40.56222162690559
            ],
            [
              26.99657051855684,
              40.56212355852625
            ],
            [
              27.001943693999493,
              40.57379303819096
            ],
            [
              27.01047395612588,
              40.58071353638897
            ],
            [
              27.016609718191795,
              40.58569439419896
            ],
            [
              27.02559479530557,
              40.58912790122728
            ],
            [
              27.035471676436543,
              40.59942394049128
            ],
            [
              27.057637866691685,
              40.60879698797808
            ],
            [
              27.07202739769054,
              40.613372025843226
            ],
            [
              27.094501314331424,
              40.614509053467124
            ],
            [
              27.110090316838452,
              40.618161076553996
            ],
            [
              27.131971090502375,
              40.62043519429963
            ],
            [
              27.158096964839974,
              40.62677605441579
            ],
            [
              27.161057860823796,
              40.62749840477238
            ],
            [
              27.185056758614632,
              40.6382225845703
            ],
            [
              27.197372755278746,
              40.65124313098963
            ],
            [
              27.206674428314155,
              40.65328986494787
            ],
            [
              27.235796835893748,
              40.66765708991833
            ],
            [
              27.248108404166008,
              40.67220985884111
            ],
            [
              27.261637307485344,
              40.68247914384336
            ],
            [
              27.280561783693162,
              40.689988292150666
            ],
            [
              27.289586961150246,
              40.697060429861935
            ],
            [
              27.29105851540987,
              40.69770251012997
            ],
            [
              27.31092823527654,
              40.70638887235132
            ],
            [
              27.318147545414146,
              40.71117793386902
            ],
            [
              27.325723499477537,
              40.72946022185984
            ],
            [
              27.335083167356746,
              40.742935650347704
            ],
            [
              27.34086216712174,
              40.76099502136295
            ],
            [
              27.345401551624608,
              40.76876274338649
            ],
            [
              27.354756704450207,
              40.77857275737584
            ],
            [
              27.381453342548266,
              40.797046861585265
            ],
            [
              27.383401953660172,
              40.79839352026438
            ],
            [
              27.385221273472823,
              40.80250479503291
            ],
            [
              27.388694913760173,
              40.80457828365244
            ],
            [
              27.398188392717646,
              40.810245774921064
            ],
            [
              27.399111432520613,
              40.815043737110344
            ],
            [
              27.401831492720653,
              40.817326784452995
            ],
            [
              27.409973788652085,
              40.82210249215871
            ],
            [
              27.420202922707336,
              40.82321287064614
            ],
            [
              27.428947291876685,
              40.82752920960669
            ],
            [
              27.456754202834638,
              40.850538215833
            ],
            [
              27.461623550289314,
              40.8599023430848
            ],
            [
              27.467242007401317,
              40.89374244902173
            ],
            [
              27.478875830942496,
              40.92527276476927
            ],
            [
              27.48525235838532,
              40.932572313893864
            ],
            [
              27.489582137632965,
              40.94289061217981
            ],
            [
              27.501425523161043,
              40.96431213946866
            ],
            [
              27.513268898408825,
              40.97707856939721
            ],
            [
              27.52144683758234,
              40.98275946499508
            ],
            [
              27.5311096790394,
              40.98500687662931
            ],
            [
              27.561262156529857,
              40.98555533961555
            ],
            [
              27.572735443357193,
              40.987102643902816
            ],
            [
              27.579094077916352,
              40.99050494215722
            ],
            [
              27.592350976408774,
              40.9895195057477
            ],
            [
              27.60022133829692,
              40.993144690040644
            ],
            [
              27.612889635519966,
              40.99353711293264
            ],
            [
              27.618949566240182,
              40.99670752173768
            ],
            [
              27.620340821147835,
              40.99678335353058
            ],
            [
              27.634636630031284,
              40.9975413799017
            ],
            [
              27.685876200013986,
              41.008207547728176
            ],
            [
              27.686005538087127,
              41.00823430654896
            ],
            [
              27.686924059602433,
              41.009603241112345
            ],
            [
              27.690839137603685,
              41.00889430000734
            ],
            [
              27.706539708556882,
              41.01085627267585
            ],
            [
              27.753997907757242,
              41.02017135150586
            ],
            [
              27.77209737180922,
              41.020050947641835
            ],
            [
              27.803195122405903,
              41.01189967015918
            ],
            [
              27.821423911473932,
              41.00712401886823
            ],
            [
              27.844852048909036,
              40.998946022335176
            ],
            [
              27.845726049491816,
              40.9985491516935
            ],
            [
              27.852049081434206,
              40.9956908362833
            ],
            [
              27.867285787410836,
              40.984364748973114
            ],
            [
              27.87263673923699,
              40.978139860508335
            ],
            [
              27.880128003511672,
              40.974420986310946
            ],
            [
              27.907239389486023,
              40.97283793532183
            ],
            [
              27.93109105343745,
              40.97562495186645
            ],
            [
              27.934997256123673,
              40.9749025002639
            ],
            [
              27.940085114256057,
              40.97212006849199
            ],
            [
              27.95754689870334,
              40.97037213021864
            ],
            [
              27.966300121054857,
              40.97121039148297
            ],
            [
              27.972993288713877,
              40.975500046907634
            ],
            [
              27.966380375490463,
              40.97693141143654
            ],
            [
              27.963999270058565,
              40.97924122989684
            ],
            [
              27.96464578134462,
              40.982206546045866
            ],
            [
              27.972569599881613,
              40.988092597032725
            ],
            [
              27.982214639224562,
              40.98778043746706
            ],
            [
              27.987761804301147,
              40.99619919543528
            ],
            [
              27.989804103414226,
              41.01243034765516
            ],
            [
              27.9919845256533,
              41.016992007210426
            ],
            [
              27.994446035793366,
              41.02063057663491
            ],
            [
              28.021873927195816,
              41.03892633182573
            ],
            [
              28.031768671764684,
              41.0415081090019
            ],
            [
              28.03463584127663,
              41.05221000103824
            ],
            [
              28.035875461847162,
              41.05908145693463
            ],
            [
              28.03592450690446,
              41.06480249189174
            ],
            [
              28.037949010685363,
              41.07854092914645
            ],
            [
              28.033605795382424,
              41.084440325898235
            ],
            [
              28.023916191828672,
              41.09100862258597
            ],
            [
              28.018890761602712,
              41.09458929874468
            ],
            [
              28.01728104641089,
              41.0960607514176
            ],
            [
              28.010115282463126,
              41.102624575387146
            ],
            [
              28.01022232163696,
              41.11337095663786
            ],
            [
              28.01406603953854,
              41.126783991308194
            ],
            [
              28.017013458993336,
              41.13950131241161
            ],
            [
              28.01936794638802,
              41.15176385845814
            ],
            [
              28.020959774086567,
              41.1641244957699
            ],
            [
              28.024433477224672,
              41.18164872334096
            ],
            [
              28.025811289440753,
              41.185175880987856
            ],
            [
              28.03066285066318,
              41.19760340117487
            ],
            [
              28.033365033574086,
              41.202905287683585
            ],
            [
              28.036816338426014,
              41.20966526241
            ],
            [
              28.0435808185244,
              41.221281272556766
            ],
            [
              28.049404413816916,
              41.23493946848674
            ],
            [
              28.049587269027263,
              41.24202943084822
            ],
            [
              28.047781308706313,
              41.24966786893546
            ],
            [
              28.045284181052644,
              41.26187693663555
            ],
            [
              28.045694475645707,
              41.27179393472687
            ],
            [
              28.045814803533133,
              41.2746878975961
            ],
            [
              28.047063368022148,
              41.280212759105964
            ],
            [
              28.048628505331838,
              41.28717783485555
            ],
            [
              28.051749894936936,
              41.29108850721739
            ],
            [
              28.05652115603511,
              41.2959354768749
            ],
            [
              28.060485258203524,
              41.299828339167505
            ],
            [
              28.06592538082699,
              41.30517034855047
            ],
            [
              28.07594502069594,
              41.31406617558847
            ],
            [
              28.09547587094113,
              41.32636444470033
            ],
            [
              28.10073755603605,
              41.32855386054615
            ],
            [
              28.109499684955406,
              41.33220583106559
            ],
            [
              28.115082500339042,
              41.334426479975974
            ],
            [
              28.127028429572785,
              41.337851060968724
            ],
            [
              28.14120836489389,
              41.34380844444521
            ],
            [
              28.14360734693878,
              41.34485187048149
            ],
            [
              28.156445133049665,
              41.3504524627379
            ],
            [
              28.16625962286576,
              41.35442557627616
            ],
            [
              28.174852335684925,
              41.358612610692944
            ],
            [
              28.182352523356947,
              41.364734964817394
            ],
            [
              28.191783531777066,
              41.37372901400548
            ],
            [
              28.195908164262825,
              41.38210767077095
            ],
            [
              28.198668393868804,
              41.399961899064664
            ],
            [
              28.199323812354063,
              41.40462164219018
            ],
            [
              28.200585743250798,
              41.41357999696609
            ],
            [
              28.20005959548369,
              41.427862488858736
            ],
            [
              28.197165650282045,
              41.43766359768167
            ],
            [
              28.191364319080638,
              41.44858835852063
            ],
            [
              28.181746058541517,
              41.46005273678351
            ],
            [
              28.17998472604325,
              41.4616089546866
            ],
            [
              28.168935060285904,
              41.47136991324345
            ],
            [
              28.156306936865345,
              41.48040406103911
            ],
            [
              28.144303014812486,
              41.48830110059497
            ],
            [
              28.135362458806544,
              41.495078963818564
            ],
            [
              28.128085288479266,
              41.50232500310107
            ],
            [
              28.123643961743525,
              41.51291535304415
            ],
            [
              28.12900380194993,
              41.5203888518512
            ],
            [
              28.139750249430183,
              41.52437081544164
            ],
            [
              28.14383030778557,
              41.52623914868306
            ],
            [
              28.12972621820444,
              41.53159900305113
            ],
            [
              28.109236572765333,
              41.5363256415066
            ],
            [
              28.095440178036704,
              41.54133766781046
            ],
            [
              28.07938294445666,
              41.544744446481765
            ],
            [
              28.071584004910747,
              41.54638092013712
            ],
            [
              28.063174156477217,
              41.54790148683933
            ],
            [
              28.050621750882073,
              41.55132605222927
            ],
            [
              28.033534510741234,
              41.55253002193501
            ],
            [
              28.01273278422853,
              41.54844545525268
            ],
            [
              27.998949729438785,
              41.543852634072444
            ],
            [
              27.985652638983144,
              41.53789082684774
            ],
            [
              27.970585320456713,
              41.529061781755665
            ],
            [
              27.960761943779502,
              41.5250664557089
            ],
            [
              27.938997044518285,
              41.51639346600886
            ],
            [
              27.928576164776977,
              41.51182736685994
            ],
            [
              27.92103587009028,
              41.5081976538815
            ],
            [
              27.899262022140878,
              41.50031842541034
            ],
            [
              27.874893045596345,
              41.49296532851127
            ],
            [
              27.850809366386493,
              41.48698569394496
            ],
            [
              27.828411329679202,
              41.480564621205644
            ],
            [
              27.810891567661166,
              41.47418807180788
            ],
            [
              27.788926018588768,
              41.46925185777229
            ],
            [
              27.78313810730987,
              41.46930088865306
            ],
            [
              27.77308283516258,
              41.46986720496947
            ],
            [
              27.75982592183485,
              41.47050483984972
            ],
            [
              27.743741957546536,
              41.468261913274745
            ],
            [
              27.721486614494502,
              41.46307602339498
            ],
            [
              27.70896990637749,
              41.45800602693895
            ],
            [
              27.6926807828516,
              41.451406536195364
            ],
            [
              27.679330234171186,
              41.443121523040226
            ],
            [
              27.666719931871402,
              41.43576396427744
            ],
            [
              27.65891643751762,
              41.43121124310635
            ],
            [
              27.64632401254892,
              41.424834773160256
            ],
            [
              27.641780144460466,
              41.42252940774547
            ],
            [
              27.63113626382467,
              41.4159968447432
            ],
            [
              27.62116126098453,
              41.40903615602736
            ],
            [
              27.618120162851554,
              41.406913638596365
            ],
            [
              27.607226552654776,
              41.39830757743243
            ],
            [
              27.60266490966649,
              41.39412491913567
            ],
            [
              27.600430880611057,
              41.392078210904465
            ],
            [
              27.596221543088014,
              41.388221091777076
            ],
            [
              27.583740469368838,
              41.376279602881446
            ],
            [
              27.582532088934737,
              41.37310469398448
            ],
            [
              27.579455264987544,
              41.365020405483634
            ],
            [
              27.57824237943247,
              41.35409560498245
            ],
            [
              27.5777117451706,
              41.34933773230876
            ],
            [
              27.5765658387976,
              41.33412322016493
            ],
            [
              27.576035199865515,
              41.327394470497346
            ],
            [
              27.575754251700896,
              41.32382273396896
            ],
            [
              27.573248179328687,
              41.31679968843466
            ],
            [
              27.56993064123951,
              41.30751135354471
            ],
            [
              27.56481163894766,
              41.29756753225941
            ],
            [
              27.563406990446452,
              41.29484752570424
            ],
            [
              27.561516345730453,
              41.291507591687484
            ],
            [
              27.55864912925975,
              41.286174523273374
            ],
            [
              27.55687442860842,
              41.28286589594656
            ],
            [
              27.55180890846011,
              41.27285075723223
            ],
            [
              27.543011061914903,
              41.261618304719676
            ],
            [
              27.541218480227798,
              41.25933077621861
            ],
            [
              27.53266147540917,
              41.24949842221447
            ],
            [
              27.52715448098196,
              41.24442841419492
            ],
            [
              27.52377898934829,
              41.241315968308285
            ],
            [
              27.515105997423788,
              41.235764424850245
            ],
            [
              27.503797696799346,
              41.23309341051469
            ],
            [
              27.494906263162388,
              41.23079248085641
            ],
            [
              27.482541168169213,
              41.22873241215496
            ],
            [
              27.479950457732212,
              41.228299875118736
            ],
            [
              27.465440566638677,
              41.22626202111924
            ],
            [
              27.456642721783837,
              41.22552186869561
            ],
            [
              27.45227277554214,
              41.2251562374357
            ],
            [
              27.449998640446594,
              41.22500463578245
            ],
            [
              27.445610889828142,
              41.22471919844701
            ],
            [
              27.429593865440214,
              41.22242721800252
            ],
            [
              27.424278615898555,
              41.222806248729185
            ],
            [
              27.403548184126922,
              41.22650283809063
            ],
            [
              27.395067039225975,
              41.230141467247144
            ],
            [
              27.392886544485147,
              41.231073401627135
            ],
            [
              27.389118581081668,
              41.232692092466664
            ],
            [
              27.37913463515639,
              41.23723144667763
            ],
            [
              27.371460490920672,
              41.24042864861667
            ],
            [
              27.364870004266653,
              41.24833461413171
            ],
            [
              27.36033061802494,
              41.25901417742388
            ],
            [
              27.356304078134485,
              41.265979263863485
            ],
            [
              27.35432417646271,
              41.26939941757532
            ],
            [
              27.35205455463289,
              41.27283733477284
            ],
            [
              27.345597740358233,
              41.27582494484834
            ],
            [
              27.336104332300984,
              41.27865202856213
            ],
            [
              27.33012468588171,
              41.28621914399828
            ],
            [
              27.32590186241036,
              41.294874230845615
            ],
            [
              27.32326657639367,
              41.30337771787699
            ],
            [
              27.3135724732796,
              41.31317441177651
            ],
            [
              27.30134563912046,
              41.32121417827155
            ],
            [
              27.294755067201507,
              41.32255186795582
            ],
            [
              27.286091045853542,
              41.324268607478466
            ],
            [
              27.26868267349362,
              41.32664981510324
            ],
            [
              27.247265671428746,
              41.331791154746526
            ],
            [
              27.231302066063087,
              41.33222365784854
            ],
            [
              27.21738074437649,
              41.330275034813454
            ],
            [
              27.21353696890134,
              41.33012790919105
            ],
            [
              27.20736560091308,
              41.3298870765802
            ],
            [
              27.19755553923253,
              41.32778687355768
            ],
            [
              27.189078839131525,
              41.326730034398416
            ],
            [
              27.18251053359512,
              41.322962168075385
            ],
            [
              27.178742647327272,
              41.32228434168765
            ],
            [
              27.174800771723845,
              41.32157531792695
            ],
            [
              27.16448243439578,
              41.32129442282478
            ],
            [
              27.1565451944903,
              41.32252961005454
            ],
            [
              27.14490699119329,
              41.325535004920894
            ],
            [
              27.13508800612426,
              41.32868759138329
            ],
            [
              27.12932690372699,
              41.33016801027864
            ],
            [
              27.11885242015935,
              41.3328658233278
            ],
            [
              27.111200591632187,
              41.334796589503675
            ],
            [
              27.097591414252395,
              41.337418514065625
            ],
            [
              27.085511752374924,
              41.33995127133466
            ],
            [
              27.07068526206956,
              41.34267134746001
            ],
            [
              27.06862068359067,
              41.34301473129229
            ],
            [
              27.063011093361418,
              41.34394664984559
            ],
            [
              27.060754823741366,
              41.34432569879836
            ],
            [
              27.050503340997658,
              41.34654633376442
            ],
            [
              27.041607425792535,
              41.34912810740668
            ],
            [
              27.034584336970543,
              41.351732247524
            ],
            [
              27.02776190811744,
              41.35426056669095
            ],
            [
              27.0153432967665,
              41.35786353566232
            ],
            [
              27.00241639898237,
              41.36249207587783
            ],
            [
              27.002215748735367,
              41.36654092435513
            ],
            [
              26.999023012944846,
              41.36634916352876
            ],
            [
              26.9859890325063,
              41.36031605588064
            ],
            [
              26.983219934489252,
              41.35863493641696
            ],
            [
              26.981061794999736,
              41.3571678865223
            ],
            [
              26.97781107043116,
              41.35413124424625
            ],
            [
              26.97503306220066,
              41.35197306524195
            ],
            [
              26.972081107807043,
              41.34891407711987
            ],
            [
              26.96991845307341,
              41.3471081754962
            ],
            [
              26.968353333041087,
              41.34506589551502
            ],
            [
              26.96694873060668,
              41.3432510296851
            ],
            [
              26.964901997282354,
              41.33995578230188
            ],
            [
              26.963033653161443,
              41.33768608057417
            ],
            [
              26.96101814435062,
              41.335648278150764
            ],
            [
              26.959448466921227,
              41.333374114060206
            ],
            [
              26.957878867725515,
              41.330988548177125
            ],
            [
              26.956157703353586,
              41.32849137968939
            ],
            [
              26.9547441263845,
              41.32633320108525
            ],
            [
              26.953673988015538,
              41.32443807583696
            ],
            [
              26.952095452219044,
              41.32184736711346
            ],
            [
              26.950632886257303,
              41.3187081333229
            ],
            [
              26.949678619432916,
              41.31665698371841
            ],
            [
              26.94887150508176,
              41.31448534615703
            ],
            [
              26.948675296054738,
              41.31243422914984
            ],
            [
              26.951966175448643,
              41.31021798742756
            ],
            [
              26.954338333280116,
              41.3077878405252
            ],
            [
              26.957009348618655,
              41.305237227151395
            ],
            [
              26.959221094953968,
              41.30223625353239
            ],
            [
              26.96262338422163,
              41.298646643524826
            ],
            [
              26.965593167248766,
              41.29563675398664
            ],
            [
              26.967657680504058,
              41.29321102366952
            ],
            [
              26.968803655451204,
              41.29021894256356
            ],
            [
              26.969503795754637,
              41.287458768623445
            ],
            [
              26.970333199411183,
              41.28390040317855
            ],
            [
              26.97058283732892,
              41.281608417921476
            ],
            [
              26.97125620248055,
              41.277595255677184
            ],
            [
              26.972250615887017,
              41.27472353906434
            ],
            [
              26.97303985521973,
              41.27196336806427
            ],
            [
              26.97437309349558,
              41.2679413039238
            ],
            [
              26.975679644490583,
              41.26529257931233
            ],
            [
              26.97638865500424,
              41.263107619405005
            ],
            [
              26.976767637351998,
              41.259669628024824
            ],
            [
              26.97654917688262,
              41.25681137603147
            ],
            [
              26.97601856492718,
              41.25337782348002
            ],
            [
              26.975327339130907,
              41.24949398764666
            ],
            [
              26.975554783657607,
              41.24617195292103
            ],
            [
              26.976263794589393,
              41.243986979401406
            ],
            [
              26.976067610882343,
              41.241926857108794
            ],
            [
              26.976152318430167,
              41.238952637692826
            ],
            [
              26.975483460242273,
              41.236094344560385
            ],
            [
              26.97436869190074,
              41.23358835865304
            ],
            [
              26.973244934797247,
              41.23073900217136
            ],
            [
              26.971505929140697,
              41.22743483066286
            ],
            [
              26.97020833542694,
              41.22367578258214
            ],
            [
              26.969673216065644,
              41.21990340804794
            ],
            [
              26.96961078388832,
              41.217268076351274
            ],
            [
              26.969254066735417,
              41.214869048534695
            ],
            [
              26.968879472654972,
              41.21143553567475
            ],
            [
              26.96894190504768,
              41.207547239506205
            ],
            [
              26.9697713109028,
              41.20398441179673
            ],
            [
              26.970475849685897,
              41.201687925018085
            ],
            [
              26.97101986017969,
              41.19870482948932
            ],
            [
              26.971572762412766,
              41.196519862560734
            ],
            [
              26.971523715416772,
              41.19411639925708
            ],
            [
              26.969940730999994,
              41.19104410827612
            ],
            [
              26.968839408117024,
              41.18910433874646
            ],
            [
              26.967118152959355,
              41.18672763780259
            ],
            [
              26.965414760451992,
              41.184912820378415
            ],
            [
              26.964598722616984,
              41.18229087675852
            ],
            [
              26.963345733711336,
              41.180235259332896
            ],
            [
              26.961463990633867,
              41.17728327869033
            ],
            [
              26.958516518797644,
              41.173996932046066
            ],
            [
              26.956478777612805,
              41.17092905503977
            ],
            [
              26.955065202779306,
              41.16842308736186
            ],
            [
              26.9539638027162,
              41.16649227855301
            ],
            [
              26.952849011148345,
              41.16409770645651
            ],
            [
              26.95233181558981,
              41.1610164866882
            ],
            [
              26.95197057750814,
              41.15849713227941
            ],
            [
              26.95177437133943,
              41.15632109444098
            ],
            [
              26.950655166207337,
              41.15347166943694
            ],
            [
              26.949397692957483,
              41.1514294254332
            ],
            [
              26.947542688487705,
              41.14973054082767
            ],
            [
              26.94493857560644,
              41.14815645259627
            ],
            [
              26.94140698974071,
              41.145788665532166
            ],
            [
              26.937741567742876,
              41.14411203842562
            ],
            [
              26.93408955956039,
              41.14301068419443
            ],
            [
              26.929510085852545,
              41.14122697456882
            ],
            [
              26.926607185945628,
              41.139773332352235
            ],
            [
              26.923552759687233,
              41.13854708628237
            ],
            [
              26.92100217475457,
              41.13758389136732
            ],
            [
              26.915785003086615,
              41.136000907716806
            ],
            [
              26.91287320102372,
              41.134087949010464
            ],
            [
              26.910723872870644,
              41.13262091697922
            ],
            [
              26.907348341848486,
              41.13048501469731
            ],
            [
              26.904904764248762,
              41.129133920819996
            ],
            [
              26.902751043008433,
              41.12767131881611
            ],
            [
              26.899420046987128,
              41.12493344449697
            ],
            [
              26.897823767288166,
              41.12337276514585
            ],
            [
              26.895968764670183,
              41.121330456795796
            ],
            [
              26.89426534361978,
              41.119520116328154
            ],
            [
              26.892107202273777,
              41.117593759177986
            ],
            [
              26.888905535970782,
              41.116256004106425
            ],
            [
              26.88615422881421,
              41.11490939124761
            ],
            [
              26.883710679839215,
              41.11379459059437
            ],
            [
              26.88097278647673,
              41.112902792757005
            ],
            [
              26.87686147761867,
              41.11146248933944
            ],
            [
              26.873512735812422,
              41.11046814343327
            ],
            [
              26.869231964814187,
              41.108934172135434
            ],
            [
              26.867002392938435,
              41.110075734438745
            ],
            [
              26.86428235240275,
              41.10999104159469
            ],
            [
              26.860786468127362,
              41.10922845500996
            ],
            [
              26.857121018141388,
              41.10743593225478
            ],
            [
              26.854222623635053,
              41.106089323646394
            ],
            [
              26.851466919858836,
              41.104403736690415
            ],
            [
              26.848095853756412,
              41.10226334353309
            ],
            [
              26.846098140251346,
              41.100448539552964
            ],
            [
              26.843021359422202,
              41.09796032905999
            ],
            [
              26.84102368908674,
              41.096265914726764
            ],
            [
              26.8375010032308,
              41.094125547644055
            ],
            [
              26.834888007296406,
              41.09198071179441
            ],
            [
              26.832123338912876,
              41.089719911742364
            ],
            [
              26.82946569336135,
              41.08752158094756
            ],
            [
              26.82780696307248,
              41.08563982505792
            ],
            [
              26.825657597288355,
              41.08383392439794
            ],
            [
              26.823802694913347,
              41.08190311971397
            ],
            [
              26.82225529783048,
              41.079972329994085
            ],
            [
              26.820088258248685,
              41.07747522784199
            ],
            [
              26.818090557141236,
              41.07589223710305
            ],
            [
              26.814893370277684,
              41.07455005971284
            ],
            [
              26.81047444041302,
              41.07276193008761
            ],
            [
              26.806822436108156,
              41.07142421323981
            ],
            [
              26.802876128029805,
              41.070666208583994
            ],
            [
              26.798479430684672,
              41.06979220159663
            ],
            [
              26.79528672182571,
              41.06890930556908
            ],
            [
              26.792406114649324,
              41.068249339205686
            ],
            [
              26.78982431548245,
              41.067589432509116
            ],
            [
              26.7869437264392,
              41.067161335999096
            ],
            [
              26.784179080602566,
              41.06699636729126
            ],
            [
              26.780593979887655,
              41.06699632952203
            ],
            [
              26.776683343752566,
              41.0678346550109
            ],
            [
              26.772473948809957,
              41.06916795053477
            ],
            [
              26.769624602082896,
              41.070082026386615
            ],
            [
              26.763306005964115,
              41.071517859182265
            ],
            [
              26.75894502326825,
              41.072592530720605
            ],
            [
              26.75442794339037,
              41.07355570569178
            ],
            [
              26.749768155176056,
              41.074857776242276
            ],
            [
              26.745710396916696,
              41.07604383784146
            ],
            [
              26.742397322591664,
              41.07641843681845
            ],
            [
              26.739235814084633,
              41.077136368322165
            ],
            [
              26.734562666286415,
              41.07786760565465
            ],
            [
              26.73034437469695,
              41.078478558035414
            ],
            [
              26.726121596251005,
              41.07909837766871
            ],
            [
              26.72266577561624,
              41.07904483282672
            ],
            [
              26.71841182375487,
              41.07882636091885
            ],
            [
              26.714630494859815,
              41.078518685019716
            ],
            [
              26.710077705798643,
              41.077644725255226
            ],
            [
              26.705832687119273,
              41.07688665817729
            ],
            [
              26.702800442869275,
              41.07633815963228
            ],
            [
              26.69991988956827,
              41.075673788022314
            ],
            [
              26.696263448173667,
              41.074108646127826
            ],
            [
              26.693975904528827,
              41.07286898923224
            ],
            [
              26.691371819730712,
              41.071058600053625
            ],
            [
              26.689088723326947,
              41.069939336103765
            ],
            [
              26.686649635005093,
              41.068815625559495
            ],
            [
              26.684321966014394,
              41.06730400525748
            ],
            [
              26.680380128675267,
              41.06452153817551
            ],
            [
              26.67808810496518,
              41.063170418875266
            ],
            [
              26.676233132621142,
              41.061012262129005
            ],
            [
              26.67512726604162,
              41.0583858325681
            ],
            [
              26.67448518808387,
              41.056218674048004
            ],
            [
              26.674150745516673,
              41.05415863548467
            ],
            [
              26.673637926614838,
              41.05095252603601
            ],
            [
              26.673887634754905,
              41.048201251859034
            ],
            [
              26.674146337851752,
              41.045686272341946
            ],
            [
              26.674556520175276,
              41.043273964773
            ],
            [
              26.67601023267093,
              41.03993854565018
            ],
            [
              26.677633313437855,
              41.03798097230661
            ],
            [
              26.68076808201826,
              41.035769284654805
            ],
            [
              26.684509238215263,
              41.03378943762068
            ],
            [
              26.68837976511636,
              41.031011423408934
            ],
            [
              26.69093036714454,
              41.02995457007471
            ],
            [
              26.693935789332766,
              41.029125184127096
            ],
            [
              26.697088408032936,
              41.0282957976992
            ],
            [
              26.702515060458932,
              41.02766706395479
            ],
            [
              26.706898378875497,
              41.02773842140128
            ],
            [
              26.70991275965653,
              41.02747979915192
            ],
            [
              26.71246338535495,
              41.02677080789428
            ],
            [
              26.718032749444447,
              41.02569167388061
            ],
            [
              26.72118979367922,
              41.02485335785015
            ],
            [
              26.724039225018128,
              41.0238010169693
            ],
            [
              26.727793774324983,
              41.022846751102065
            ],
            [
              26.733363203728715,
              41.02187915877867
            ],
            [
              26.736966158204083,
              41.02058598691222
            ],
            [
              26.739503344001335,
              41.01918142773806
            ],
            [
              26.742945773221447,
              41.01754935357564
            ],
            [
              26.745786202368553,
              41.016028838047234
            ],
            [
              26.74998666503075,
              41.014726755316104
            ],
            [
              26.754173829611148,
              41.01251060248381
            ],
            [
              26.756242789240943,
              41.01031668680142
            ],
            [
              26.75741551179943,
              41.00835919531956
            ],
            [
              26.759025320079452,
              41.00571043582805
            ],
            [
              26.760947129661623,
              41.003512110897454
            ],
            [
              26.763314907675625,
              41.00097042491621
            ],
            [
              26.765085172209286,
              40.99888807832747
            ],
            [
              26.767421795314082,
              40.99486149088974
            ],
            [
              26.76859454831985,
              40.992895004951734
            ],
            [
              26.770338066140514,
              40.98955957797258
            ],
            [
              26.771055933628283,
              40.98749057994975
            ],
            [
              26.771733697651996,
              40.983593322773224
            ],
            [
              26.77153750774995,
              40.98130131804374
            ],
            [
              26.770734853657327,
              40.978679432234415
            ],
            [
              26.769776196529815,
              40.97604855317376
            ],
            [
              26.769120725128435,
              40.97330617452935
            ],
            [
              26.768755044967712,
              40.969993086636755
            ],
            [
              26.76837156118635,
              40.965756907217504
            ],
            [
              26.76802377273868,
              40.96324196740697
            ],
            [
              26.766449726427872,
              40.95993332255608
            ],
            [
              26.764567977336895,
              40.956174305155855
            ],
            [
              26.763462100570425,
              40.95366385095692
            ],
            [
              26.762173417595164,
              40.94920918394355
            ],
            [
              26.761036327547437,
              40.9450979217246
            ],
            [
              26.759600524937287,
              40.94087065724902
            ],
            [
              26.758632917468073,
              40.93767347045023
            ],
            [
              26.756911696852548,
              40.93437377670737
            ],
            [
              26.755364367226825,
              40.93232706757564
            ],
            [
              26.753050096487712,
              40.92959804880048
            ],
            [
              26.750713500988578,
              40.925500179960935
            ],
            [
              26.748546384365408,
              40.9225393362534
            ],
            [
              26.74637484025991,
              40.91946695406747
            ],
            [
              26.74466701271355,
              40.9170858163693
            ],
            [
              26.742508739381517,
              40.914352403779056
            ],
            [
              26.741251318069168,
              40.9113826233811
            ],
            [
              26.74014991076795,
              40.90910849244746
            ],
            [
              26.73874086040511,
              40.90648655246808
            ],
            [
              26.73765283969836,
              40.90454685642015
            ],
            [
              26.736261579052517,
              40.90273196691799
            ],
            [
              26.734402144795347,
              40.900230452387596
            ],
            [
              26.732698721340164,
              40.89760851889791
            ],
            [
              26.734816802594224,
              40.88991651342968
            ],
            [
              26.732805736502765,
              40.88730351052527
            ],
            [
              26.730339878212682,
              40.88423114833699
            ],
            [
              26.728948661603635,
              40.88241188862459
            ],
            [
              26.726781511852025,
              40.87945101132186
            ],
            [
              26.724462805460348,
              40.8760397803889
            ],
            [
              26.723031442060464,
              40.8721603766153
            ],
            [
              26.721774000229548,
              40.86942248161698
            ],
            [
              26.721127379896004,
              40.86702348064411
            ],
            [
              26.72046295081165,
              40.86371036746244
            ],
            [
              26.71996804518257,
              40.86141840229753
            ],
            [
              26.71977180935454,
              40.85889900239689
            ],
            [
              26.719580070055517,
              40.85661149063736
            ],
            [
              26.71953546276524,
              40.8542080689116
            ],
            [
              26.719642484273265,
              40.85191607996604
            ],
            [
              26.720048266195278,
              40.849392247179516
            ],
            [
              26.72045404737648,
              40.846868387033986
            ],
            [
              26.721296814390634,
              40.843537445896835
            ],
            [
              26.72215297822635,
              40.841009114624704
            ],
            [
              26.723307894845735,
              40.838248901034106
            ],
            [
              26.72492208805452,
              40.83617100126021
            ],
            [
              26.72639354862512,
              40.83421346139872
            ],
            [
              26.72831546180837,
              40.83213106761096
            ],
            [
              26.731124693196467,
              40.82958044225568
            ],
            [
              26.733193688516334,
              40.827498026015405
            ],
            [
              26.7364578002998,
              40.82472449816883
            ],
            [
              26.739115403035132,
              40.82194643258333
            ],
            [
              26.741625856452305,
              40.8194003425244
            ],
            [
              26.743543321179764,
              40.817322388625044
            ],
            [
              26.74531356439418,
              40.81523994491916
            ],
            [
              26.74887190282437,
              40.81234158430847
            ],
            [
              26.751244126595704,
              40.810486541979486
            ],
            [
              26.75466874874708,
              40.80850225693766
            ],
            [
              26.757491403153455,
              40.806526860326564
            ],
            [
              26.76016233057881,
              40.80444003987893
            ],
            [
              26.762383013420425,
              40.802469102801055
            ],
            [
              26.763992695522557,
              40.80015928097048
            ],
            [
              26.766364936569506,
              40.79830875921495
            ],
            [
              26.76904492769235,
              40.796792676846295
            ],
            [
              26.772170763528084,
              40.79492426118318
            ],
            [
              26.77498887799201,
              40.792721501531
            ],
            [
              26.778248505658844,
              40.79005497361469
            ],
            [
              26.780330905365023,
              40.788659218675996
            ],
            [
              26.783733137720017,
              40.78587681658483
            ],
            [
              26.787429761063468,
              40.782403155066056
            ],
            [
              26.789659338947754,
              40.7810029636586
            ],
            [
              26.793966849058137,
              40.77809567381816
            ],
            [
              26.796789448559338,
              40.77612025732025
            ],
            [
              26.798394653192265,
              40.77358306450625
            ],
            [
              26.799705688939035,
              40.77150507778123
            ],
            [
              26.801007726748622,
              40.768740472227115
            ],
            [
              26.802158184835843,
              40.765980256447484
            ],
            [
              26.803014304404687,
              40.763683857272895
            ],
            [
              26.802974208991948,
              40.76161928061718
            ],
            [
              26.802925123566347,
              40.75921580289815
            ],
            [
              26.80288502813725,
              40.75703979352369
            ],
            [
              26.80284043769628,
              40.75474333303557
            ],
            [
              26.801734573872128,
              40.75200989552422
            ],
            [
              26.801079108007805,
              40.74926758086532
            ],
            [
              26.800713391184576,
              40.74606150914023
            ],
            [
              26.800972036110295,
              40.74400137589475
            ],
            [
              26.801230680730303,
              40.741820878483736
            ],
            [
              26.801779164538516,
              40.73917217395444
            ],
            [
              26.801261876289455,
              40.73575199712376
            ],
            [
              26.800615309208922,
              40.73334858319293
            ],
            [
              26.80027197699738,
              40.73128848715082
            ],
            [
              26.814019408048285,
              40.732853635239664
            ],
            [
              26.825247425664006,
              40.73534621956177
            ],
            [
              26.828346481025587,
              40.73580555301749
            ],
            [
              26.836725107613905,
              40.73704959741312
            ],
            [
              26.848216204936215,
              40.73875299174296
            ],
            [
              26.859863438118968,
              40.739430792522384
            ],
            [
              26.87155965355972,
              40.7392524212076
            ],
            [
              26.883255864474847,
              40.73939955757269
            ],
            [
              26.89031909890561,
              40.739350495909754
            ],
            [
              26.89495206942974,
              40.73931933596749
            ],
            [
              26.90664826698988,
              40.73945310706117
            ],
            [
              26.918348948326237,
              40.73933268148837
            ],
            [
              26.929964892990828,
              40.738342757068274
            ],
            [
              26.94155415155092,
              40.73712095007284
            ],
            [
              26.95317458227737,
              40.73601956107906
            ],
            [
              26.96442040481663,
              40.733633924315235
            ],
            [
              26.975496844612977,
              40.730708754893534
            ],
            [
              26.97987564427721,
              40.72862192097693
            ],
            [
              26.98536924921914,
              40.72600444874286
            ],
            [
              26.990787081689586,
              40.72295883227928
            ],
            [
              26.994777992533656,
              40.720706978122
            ],
            [
              27.00399491876767,
              40.71520000888129
            ],
            [
              27.01133463333213,
              40.70829734594471
            ],
            [
              27.016984317379166,
              40.700507302284734
            ],
            [
              27.021318518811132,
              40.69216432091022
            ],
            [
              27.020310775563505,
              40.68339323630322
            ],
            [
              27.01525411440136,
              40.67536689098698
            ],
            [
              27.007499774197438,
              40.66867374064313
            ],
            [
              27.003629278053815,
              40.66034865906559
            ],
            [
              26.99655713552076,
              40.65332552577598
            ],
            [
              26.99234332313907,
              40.64504052198681
            ],
            [
              26.990341117506595,
              40.63626946127683
            ],
            [
              26.985520871733264,
              40.62817176811228
            ],
            [
              26.978774283229743,
              40.62089897805931
            ],
            [
              26.97503306220066,
              40.61248015871413
            ],
            [
              26.97423044584489,
              40.60359766543215
            ],
            [
              26.9743998623765,
              40.594701776713016
            ],
            [
              26.974903709574455,
              40.585810272740574
            ],
            [
              26.97933165653407,
              40.577574357545686
            ],
            [
              26.98658662762702,
              40.5706047685545
            ],
            [
              26.993703295955715,
              40.56222162690559
            ]
          ]
        ]
      },
      "id": "00000000000000000320",
      "properties": {
        "ADM0_CODE": 249,
        "ADM0_NAME": "Turkey",
        "ADM1_CODE": 3088,
        "ADM1_NAME": "Tekirdag",
        "DISP_AREA": "NO",
        "EXP1_YEAR": 3000,
        "STATUS": "Member State",
        "STR1_YEAR": 1000,
        "Shape_Area": 0.668401884795,
        "Shape_Leng": 4.67969648881
      }
    }
  ]
}
